Index,Event,wikipage,Date,Venue,Location,Attendance,Ref
–,UFC Fight Night: Hermansson vs. Weidman,https://en.wikipedia.org/wiki/UFC_Fight_Night:_Hermansson_vs._Weidman,"May 2, 2020",Chesapeake Energy Arena,"Oklahoma City, Oklahoma, U.S.",Cancelled,[13]
–,UFC Fight Night: Smith vs. Teixeira,https://en.wikipedia.org/wiki/UFC_Fight_Night:_Smith_vs._Teixeira,"Apr 25, 2020",Pinnacle Bank Arena,"Lincoln, Nebraska, U.S.",Cancelled,[13]
–,UFC Fight Night: Overeem vs. Harris,https://en.wikipedia.org/wiki/UFC_Fight_Night:_Overeem_vs._Harris,"Apr 11, 2020",Moda Center,"Portland, Oregon, U.S.",Cancelled,[14]
–,UFC on ESPN: Ngannou vs. Rozenstruik,https://en.wikipedia.org/wiki/UFC_on_ESPN:_Ngannou_vs._Rozenstruik,"Mar 28, 2020",Nationwide Arena,"Columbus, Ohio, U.S.",Cancelled,[14]
–,UFC Fight Night: Woodley vs. Edwards,https://en.wikipedia.org/wiki/UFC_Fight_Night:_Woodley_vs._Edwards,"Mar 21, 2020",The O2 Arena,"London, England, U.K.",Cancelled,[14]
513,UFC Fight Night: Lee vs. Oliveira,https://en.wikipedia.org/wiki/UFC_Fight_Night:_Lee_vs._Oliveira,"Mar 14, 2020",Ginásio Nilson Nelson,"Brasília, Brazil",0,[15]
512,UFC 248: Adesanya vs. Romero,https://en.wikipedia.org/wiki/UFC_248,"Mar 7, 2020",T-Mobile Arena,"Las Vegas, Nevada, U.S.","15,077",[16]
511,UFC Fight Night: Benavidez vs. Figueiredo,https://en.wikipedia.org/wiki/UFC_Fight_Night:_Benavidez_vs._Figueiredo,"Feb 29, 2020",Chartway Arena,"Norfolk, Virginia, U.S.","7,098",[17]
510,UFC Fight Night: Felder vs. Hooker,https://en.wikipedia.org/wiki/UFC_Fight_Night:_Felder_vs._Hooker,"Feb 23, 2020",Spark Arena,"Auckland, New Zealand","10,025",[18]
509,UFC Fight Night: Anderson vs. Błachowicz 2,https://en.wikipedia.org/wiki/UFC_Fight_Night:_Anderson_vs._B%C5%82achowicz_2,"Feb 15, 2020",Santa Ana Star Center,"Rio Rancho, New Mexico, U.S.","6,449",[19]
508,UFC 247: Jones vs. Reyes,https://en.wikipedia.org/wiki/UFC_247,"Feb 8, 2020",Toyota Center,"Houston, Texas, U.S.","17,401",[20]
507,UFC Fight Night: Blaydes vs. dos Santos,https://en.wikipedia.org/wiki/UFC_Fight_Night:_Blaydes_vs._dos_Santos,"Jan 25, 2020",PNC Arena,"Raleigh, North Carolina, U.S.","14,533",[21]
506,UFC 246: McGregor vs. Cowboy,https://en.wikipedia.org/wiki/UFC_246,"Jan 18, 2020",T-Mobile Arena,"Las Vegas, Nevada, U.S.","19,040",[22]
505,UFC Fight Night: Edgar vs. The Korean Zombie,https://en.wikipedia.org/wiki/UFC_Fight_Night:_Edgar_vs._The_Korean_Zombie,"Dec 21, 2019",Sajik Arena,"Busan, South Korea","10,651",[23]
504,UFC 245: Usman vs. Covington,https://en.wikipedia.org/wiki/UFC_245,"Dec 14, 2019",T-Mobile Arena,"Las Vegas, Nevada, U.S.","16,811",[24]
503,UFC on ESPN: Overeem vs. Rozenstruik,https://en.wikipedia.org/wiki/UFC_on_ESPN:_Overeem_vs._Rozenstruik,"Dec 7, 2019",Capital One Arena,"Washington, D.C., U.S.","10,816",[25]
502,UFC Fight Night: Błachowicz vs. Jacaré,https://en.wikipedia.org/wiki/UFC_Fight_Night:_B%C5%82achowicz_vs._Jacar%C3%A9,"Nov 16, 2019",Ginásio do Ibirapuera,"São Paulo, Brazil","10,344",[26]
501,UFC Fight Night: Magomedsharipov vs. Kattar,https://en.wikipedia.org/wiki/UFC_Fight_Night:_Magomedsharipov_vs._Kattar,"Nov 9, 2019",CSKA Arena,"Moscow, Russia","11,305",[27]
500,UFC 244: Masvidal vs. Diaz,https://en.wikipedia.org/wiki/UFC_244,"Nov 2, 2019",Madison Square Garden,"New York City, New York, U.S.","20,143",[28]
499,UFC Fight Night: Maia vs. Askren,https://en.wikipedia.org/wiki/UFC_Fight_Night:_Maia_vs._Askren,"Oct 26, 2019",Singapore Indoor Stadium,"Kallang, Singapore","7,155",[29]
498,UFC on ESPN: Reyes vs. Weidman,https://en.wikipedia.org/wiki/UFC_on_ESPN:_Reyes_vs._Weidman,"Oct 18, 2019",TD Garden,"Boston, Massachusetts, U.S.","12,066",[30]
497,UFC Fight Night: Joanna vs. Waterson,https://en.wikipedia.org/wiki/UFC_Fight_Night:_Joanna_vs._Waterson,"Oct 12, 2019",Amalie Arena,"Tampa, Florida, U.S.","10,597",[31]
496,UFC 243: Whittaker vs. Adesanya,https://en.wikipedia.org/wiki/UFC_243,"Oct 5, 2019",Marvel Stadium,"Melbourne, Australia","57,127",[32]
495,UFC Fight Night: Hermansson vs. Cannonier,https://en.wikipedia.org/wiki/UFC_Fight_Night:_Hermansson_vs._Cannonier,"Sep 28, 2019",Royal Arena,"Copenhagen, Denmark","12,767",[33]
494,UFC Fight Night: Rodríguez vs. Stephens,https://en.wikipedia.org/wiki/UFC_Fight_Night:_Rodr%C3%ADguez_vs._Stephens,"Sep 21, 2019",Arena Ciudad de México,"Mexico City, Mexico","10,112",[34]
493,UFC Fight Night: Cowboy vs. Gaethje,https://en.wikipedia.org/wiki/UFC_Fight_Night:_Cowboy_vs._Gaethje,"Sep 14, 2019",Rogers Arena,"Vancouver, British Columbia, Canada","15,114",[35]
492,UFC 242: Khabib vs. Poirier,https://en.wikipedia.org/wiki/UFC_242,"Sep 7, 2019","The Arena, Yas Island","Abu Dhabi, United Arab Emirates",N/A,N/A
491,UFC Fight Night: Andrade vs. Zhang,https://en.wikipedia.org/wiki/UFC_Fight_Night:_Andrade_vs._Zhang,"Aug 31, 2019",Shenzhen Universiade Sports Centre,"Shenzhen, China","10,302",[36]
490,UFC 241: Cormier vs. Miocic 2,https://en.wikipedia.org/wiki/UFC_241,"Aug 17, 2019",Honda Center,"Anaheim, California, U.S.","17,304",[37]
489,UFC Fight Night: Shevchenko vs. Carmouche 2,https://en.wikipedia.org/wiki/UFC_Fight_Night:_Shevchenko_vs._Carmouche_2,"Aug 10, 2019",Antel Arena,"Montevideo, Uruguay","9,225",[38]
488,UFC on ESPN: Covington vs. Lawler,https://en.wikipedia.org/wiki/UFC_on_ESPN:_Covington_vs._Lawler,"Aug 3, 2019",Prudential Center,"Newark, New Jersey, U.S.","10,427",[39]
487,UFC 240: Holloway vs. Edgar,https://en.wikipedia.org/wiki/UFC_240,"Jul 27, 2019",Rogers Place,"Edmonton, Alberta, Canada","12,144",[40]
486,UFC on ESPN: dos Anjos vs. Edwards,https://en.wikipedia.org/wiki/UFC_on_ESPN:_dos_Anjos_vs._Edwards,"Jul 20, 2019",AT&T Center,"San Antonio, Texas, U.S.","9,255",[41]
485,UFC Fight Night: de Randamie vs. Ladd,https://en.wikipedia.org/wiki/UFC_Fight_Night:_de_Randamie_vs._Ladd,"Jul 13, 2019",Golden 1 Center,"Sacramento, California, U.S.","10,306",[42]
484,UFC 239: Jones vs. Santos,https://en.wikipedia.org/wiki/UFC_239,"Jul 6, 2019",T-Mobile Arena,"Las Vegas, Nevada, U.S.","18,358",[43]
483,UFC on ESPN: Ngannou vs. dos Santos,https://en.wikipedia.org/wiki/UFC_on_ESPN:_Ngannou_vs._dos_Santos,"Jun 29, 2019",Target Center,"Minneapolis, Minnesota, U.S.","10,123",[44]
482,UFC Fight Night: Moicano vs. The Korean Zombie,https://en.wikipedia.org/wiki/UFC_Fight_Night:_Moicano_vs._The_Korean_Zombie,"Jun 22, 2019",Bon Secours Wellness Arena,"Greenville, South Carolina, U.S.","7,682",[45]
481,UFC 238: Cejudo vs. Moraes,https://en.wikipedia.org/wiki/UFC_238,"Jun 8, 2019",United Center,"Chicago, Illinois, U.S.","16,083",[46]
480,UFC Fight Night: Gustafsson vs. Smith,https://en.wikipedia.org/wiki/UFC_Fight_Night:_Gustafsson_vs._Smith,"Jun 1, 2019",Ericsson Globe,"Stockholm, Sweden","14,319",[47]
479,UFC Fight Night: dos Anjos vs. Lee,https://en.wikipedia.org/wiki/UFC_Fight_Night:_dos_Anjos_vs._Lee,"May 18, 2019",Blue Cross Arena,"Rochester, New York, U.S.","8,132",[48]
478,UFC 237: Namajunas vs. Andrade,https://en.wikipedia.org/wiki/UFC_237,"May 11, 2019",Jeunesse Arena,"Rio de Janeiro, Brazil","15,193",[49]
477,UFC Fight Night: Iaquinta vs. Cowboy,https://en.wikipedia.org/wiki/UFC_Fight_Night:_Iaquinta_vs._Cowboy,"May 4, 2019",Canadian Tire Centre,"Ottawa, Ontario, Canada","10,960",[50]
476,UFC Fight Night: Jacaré vs. Hermansson,https://en.wikipedia.org/wiki/UFC_Fight_Night:_Jacar%C3%A9_vs._Hermansson,"Apr 27, 2019",BB&T Center,"Sunrise, Florida, U.S.","12,754",[51]
475,UFC Fight Night: Overeem vs. Oleinik,https://en.wikipedia.org/wiki/UFC_Fight_Night:_Overeem_vs._Oleinik,"Apr 20, 2019",Yubileyny Sports Palace,"Saint Petersburg, Russia","7,236",[52]
474,UFC 236: Holloway vs. Poirier 2,https://en.wikipedia.org/wiki/UFC_236,"Apr 13, 2019",State Farm Arena,"Atlanta, Georgia, U.S.","14,297",[53]
473,UFC on ESPN: Barboza vs. Gaethje,https://en.wikipedia.org/wiki/UFC_on_ESPN:_Barboza_vs._Gaethje,"Mar 30, 2019",Wells Fargo Center,"Philadelphia, Pennsylvania, U.S.","11,123",[54]
472,UFC Fight Night: Thompson vs. Pettis,https://en.wikipedia.org/wiki/UFC_Fight_Night:_Thompson_vs._Pettis,"Mar 23, 2019",Bridgestone Arena,"Nashville, Tennessee, U.S.","10,863",[55]
471,UFC Fight Night: Till vs. Masvidal,https://en.wikipedia.org/wiki/UFC_Fight_Night:_Till_vs._Masvidal,"Mar 16, 2019",The O2 Arena,"London, England, U.K.","16,602",[56]
470,UFC Fight Night: Lewis vs. dos Santos,https://en.wikipedia.org/wiki/UFC_Fight_Night:_Lewis_vs._dos_Santos,"Mar 9, 2019",Intrust Bank Arena,"Wichita, Kansas, U.S.","7,265",[57]
469,UFC 235: Jones vs. Smith,https://en.wikipedia.org/wiki/UFC_235,"Mar 2, 2019",T-Mobile Arena,"Las Vegas, Nevada, U.S","14,790",[58]
468,UFC Fight Night: Błachowicz vs. Santos,https://en.wikipedia.org/wiki/UFC_Fight_Night:_B%C5%82achowicz_vs._Santos,"Feb 23, 2019",O2 arena,"Prague, Czech Republic","16,583",[59]
467,UFC on ESPN: Ngannou vs. Velasquez,https://en.wikipedia.org/wiki/UFC_on_ESPN:_Ngannou_vs._Velasquez,"Feb 17, 2019",Talking Stick Resort Arena,"Phoenix, Arizona, U.S.","14,269",[60]
466,UFC 234: Adesanya vs. Silva,https://en.wikipedia.org/wiki/UFC_234,"Feb 10, 2019",Rod Laver Arena,"Melbourne, Australia","15,238",[61]
465,UFC Fight Night: Assunção vs. Moraes 2,https://en.wikipedia.org/wiki/UFC_Fight_Night:_Assun%C3%A7%C3%A3o_vs._Moraes_2,"Feb 2, 2019",Centro de Formação Olímpica do Nordeste,"Fortaleza, Brazil","10,040",[62]
–,UFC 233,https://en.wikipedia.org/wiki/UFC_233,"Jan 26, 2019",Honda Center,"Anaheim, California, U.S.",Cancelled,[63]
464,UFC Fight Night: Cejudo vs. Dillashaw,https://en.wikipedia.org/wiki/UFC_Fight_Night:_Cejudo_vs._Dillashaw,"Jan 19, 2019",Barclays Center,"Brooklyn, New York, U.S.","12,152",[64]
463,UFC 232: Jones vs. Gustafsson 2,https://en.wikipedia.org/wiki/UFC_232,"Dec 29, 2018",The Forum,"Inglewood, California, U.S.","15,862",[65]
462,UFC on Fox: Lee vs. Iaquinta 2,https://en.wikipedia.org/wiki/UFC_on_Fox:_Lee_vs._Iaquinta_2,"Dec 15, 2018",Fiserv Forum,"Milwaukee, Wisconsin, U.S.","9,010",[66]
461,UFC 231: Holloway vs. Ortega,https://en.wikipedia.org/wiki/UFC_231,"Dec 8, 2018",Scotiabank Arena,"Toronto, Ontario, Canada","19,039",[67]
460,UFC Fight Night: dos Santos vs. Tuivasa,https://en.wikipedia.org/wiki/UFC_Fight_Night:_dos_Santos_vs._Tuivasa,"Dec 2, 2018",Adelaide Entertainment Centre,"Adelaide, Australia","8,652",[68]
459,The Ultimate Fighter: Heavy Hitters Finale,https://en.wikipedia.org/wiki/The_Ultimate_Fighter:_Heavy_Hitters#The_Ultimate_Fighter_28_Finale,"Nov 30, 2018",Pearl Theatre,"Las Vegas, Nevada, U.S.","2,020",[69]
458,UFC Fight Night: Blaydes vs. Ngannou 2,https://en.wikipedia.org/wiki/UFC_Fight_Night:_Blaydes_vs._Ngannou_2,"Nov 24, 2018",Cadillac Arena,"Beijing, China","10,302",[70]
457,UFC Fight Night: Magny vs. Ponzinibbio,https://en.wikipedia.org/wiki/UFC_Fight_Night:_Magny_vs._Ponzinibbio,"Nov 17, 2018",Estadio Mary Terán de Weiss,"Buenos Aires, Argentina","10,245",[71]
456,UFC Fight Night: The Korean Zombie vs. Rodríguez,https://en.wikipedia.org/wiki/UFC_Fight_Night:_The_Korean_Zombie_vs._Rodr%C3%ADguez,"Nov 10, 2018",Pepsi Center,"Denver, Colorado, U.S.","11,426",[72]
455,UFC 230: Cormier vs. Lewis,https://en.wikipedia.org/wiki/UFC_230,"Nov 3, 2018",Madison Square Garden,"New York City, New York, U.S.","17,011",[73]
454,UFC Fight Night: Volkan vs. Smith,https://en.wikipedia.org/wiki/UFC_Fight_Night:_Volkan_vs._Smith,"Oct 27, 2018",Avenir Centre,"Moncton, New Brunswick, Canada","6,282",[74]
453,UFC 229: Khabib vs. McGregor,https://en.wikipedia.org/wiki/UFC_229,"Oct 6, 2018",T-Mobile Arena,"Las Vegas, Nevada, U.S","20,034",[75]
452,UFC Fight Night: Santos vs. Anders,https://en.wikipedia.org/wiki/UFC_Fight_Night:_Santos_vs._Anders,"Sep 22, 2018",Ginásio do Ibirapuera,"São Paulo, Brazil","9,485",[76]
451,UFC Fight Night: Hunt vs. Oleinik,https://en.wikipedia.org/wiki/UFC_Fight_Night:_Hunt_vs._Oleinik,"Sep 15, 2018",Olimpiyskiy Stadium,"Moscow, Russia","22,603",[77]
450,UFC 228: Woodley vs. Till,https://en.wikipedia.org/wiki/UFC_228,"Sep 8, 2018",American Airlines Center,"Dallas, Texas, U.S.","14,073",[78]
449,UFC Fight Night: Gaethje vs. Vick,https://en.wikipedia.org/wiki/UFC_Fight_Night:_Gaethje_vs._Vick,"Aug 25, 2018",Pinnacle Bank Arena,"Lincoln, Nebraska, U.S.","6,409",[79]
448,UFC 227: Dillashaw vs. Garbrandt 2,https://en.wikipedia.org/wiki/UFC_227,"Aug 4, 2018",Staples Center,"Los Angeles, California, U.S.","17,794",[80]
447,UFC on Fox: Alvarez vs. Poirier 2,https://en.wikipedia.org/wiki/UFC_on_Fox:_Alvarez_vs._Poirier_2,"Jul 28, 2018",Scotiabank Saddledome,"Calgary, Alberta, Canada","10,603",[81]
446,UFC Fight Night: Shogun vs. Smith,https://en.wikipedia.org/wiki/UFC_Fight_Night:_Shogun_vs._Smith,"Jul 22, 2018",Barclaycard Arena,"Hamburg, Germany","7,798",[82]
445,UFC Fight Night: dos Santos vs. Ivanov,https://en.wikipedia.org/wiki/UFC_Fight_Night:_dos_Santos_vs._Ivanov,"Jul 14, 2018",CenturyLink Arena,"Boise, Idaho, U.S.","5,648",[83]
444,UFC 226: Miocic vs. Cormier,https://en.wikipedia.org/wiki/UFC_226,"Jul 7, 2018",T-Mobile Arena,"Las Vegas, Nevada, U.S","17,464",[84]
443,The Ultimate Fighter: Undefeated Finale,https://en.wikipedia.org/wiki/The_Ultimate_Fighter:_Undefeated#The_Ultimate_Fighter_27_Finale,"Jul 6, 2018",Palms Casino Resort,"Las Vegas, Nevada, U.S.","2,123",[85]
442,UFC Fight Night: Cowboy vs. Edwards,https://en.wikipedia.org/wiki/UFC_Fight_Night:_Cowboy_vs._Edwards,"Jun 23, 2018",Singapore Indoor Stadium,"Kallang, Singapore","6,419",[86]
441,UFC 225: Whittaker vs. Romero 2,https://en.wikipedia.org/wiki/UFC_225,"Jun 9, 2018",United Center,"Chicago, Illinois, U.S.","18,117",[87]
440,UFC Fight Night: Rivera vs. Moraes,https://en.wikipedia.org/wiki/UFC_Fight_Night:_Rivera_vs._Moraes,"Jun 1, 2018",Adirondack Bank Center,"Utica, New York, U.S.","5,063",[88]
439,UFC Fight Night: Thompson vs. Till,https://en.wikipedia.org/wiki/UFC_Fight_Night:_Thompson_vs._Till,"May 27, 2018",Echo Arena,"Liverpool, England, U.K.","8,520",[89]
438,UFC Fight Night: Maia vs. Usman,https://en.wikipedia.org/wiki/UFC_Fight_Night:_Maia_vs._Usman,"May 19, 2018",Movistar Arena,"Santiago, Chile","11,082",[90]
437,UFC 224: Nunes vs. Pennington,https://en.wikipedia.org/wiki/UFC_224,"May 12, 2018",Jeunesse Arena,"Rio de Janeiro, Brazil","10,696",[91]
436,UFC Fight Night: Barboza vs. Lee,https://en.wikipedia.org/wiki/UFC_Fight_Night:_Barboza_vs._Lee,"Apr 21, 2018",Boardwalk Hall,"Atlantic City, New Jersey, U.S.","9,541",[92]
435,UFC on Fox: Poirier vs. Gaethje,https://en.wikipedia.org/wiki/UFC_on_Fox:_Poirier_vs._Gaethje,"Apr 14, 2018",Gila River Arena,"Glendale, Arizona, U.S.","11,382",[93]
434,UFC 223: Khabib vs. Iaquinta,https://en.wikipedia.org/wiki/UFC_223,"Apr 7, 2018",Barclays Center,"Brooklyn, New York, U.S.","17,026",[94]
433,UFC Fight Night: Werdum vs. Volkov,https://en.wikipedia.org/wiki/UFC_Fight_Night:_Werdum_vs._Volkov,"Mar 17, 2018",The O2 Arena,"London, England, U.K.","16,274",[95]
432,UFC 222: Cyborg vs. Kunitskaya,https://en.wikipedia.org/wiki/UFC_222,"Mar 3, 2018",T-Mobile Arena,"Las Vegas, Nevada, U.S.","12,041",[96]
431,UFC on Fox: Emmett vs. Stephens,https://en.wikipedia.org/wiki/UFC_on_Fox:_Emmett_vs._Stephens,"Feb 24, 2018",Amway Center,"Orlando, Florida, U.S.","10,124",[97]
430,UFC Fight Night: Cowboy vs. Medeiros,https://en.wikipedia.org/wiki/UFC_Fight_Night:_Cowboy_vs._Medeiros,"Feb 18, 2018",Frank Erwin Center,"Austin, Texas, U.S.","10,502",[98]
429,UFC 221: Romero vs. Rockhold,https://en.wikipedia.org/wiki/UFC_221,"Feb 11, 2018",Perth Arena,"Perth, Australia","12,437",[99]
428,UFC Fight Night: Machida vs. Anders,https://en.wikipedia.org/wiki/UFC_Fight_Night:_Machida_vs._Anders,"Feb 3, 2018",Arena Guilherme Paraense,"Belém, Brazil","10,144",[100]
427,UFC on Fox: Jacaré vs. Brunson 2,https://en.wikipedia.org/wiki/UFC_on_Fox:_Jacar%C3%A9_vs._Brunson_2,"Jan 27, 2018",Spectrum Center,"Charlotte, North Carolina, U.S.","10,249",[101]
426,UFC 220: Miocic vs. Ngannou,https://en.wikipedia.org/wiki/UFC_220,"Jan 20, 2018",TD Garden,"Boston, Massachusetts, U.S.","16,015",[102]
425,UFC Fight Night: Stephens vs. Choi,https://en.wikipedia.org/wiki/UFC_Fight_Night:_Stephens_vs._Choi,"Jan 14, 2018",Scottrade Center,"St. Louis, Missouri, U.S.","10,052",[103]
424,UFC 219: Cyborg vs. Holm,https://en.wikipedia.org/wiki/UFC_219,"Dec 30, 2017",T-Mobile Arena,"Las Vegas, Nevada, U.S.","13,561",[104]
423,UFC on Fox: Lawler vs. dos Anjos,https://en.wikipedia.org/wiki/UFC_on_Fox:_Lawler_vs._dos_Anjos,"Dec 16, 2017",Bell MTS Place,"Winnipeg, Manitoba, Canada","8,862",[105]
422,UFC Fight Night: Swanson vs. Ortega,https://en.wikipedia.org/wiki/UFC_Fight_Night:_Swanson_vs._Ortega,"Dec 9, 2017",Save Mart Center,"Fresno, California, U.S.","7,605",[106]
421,UFC 218: Holloway vs. Aldo 2,https://en.wikipedia.org/wiki/UFC_218,"Dec 2, 2017",Little Caesars Arena,"Detroit, Michigan, U.S.","17,587",[107]
420,The Ultimate Fighter: A New World Champion Finale,https://en.wikipedia.org/wiki/The_Ultimate_Fighter:_A_New_World_Champion#The_Ultimate_Fighter_26_Finale,"Dec 1, 2017",Park Theater,"Las Vegas, Nevada, U.S.",N/A,
419,UFC Fight Night: Bisping vs. Gastelum,https://en.wikipedia.org/wiki/UFC_Fight_Night:_Bisping_vs._Gastelum,"Nov 25, 2017",Mercedes-Benz Arena,"Shanghai, China","15,128",[107]
418,UFC Fight Night: Werdum vs. Tybura,https://en.wikipedia.org/wiki/UFC_Fight_Night:_Werdum_vs._Tybura,"Nov 19, 2017",Qudos Bank Arena,"Sydney, Australia","10,021",[108]
417,UFC Fight Night: Poirier vs. Pettis,https://en.wikipedia.org/wiki/UFC_Fight_Night:_Poirier_vs._Pettis,"Nov 11, 2017",Ted Constant Convocation Center,"Norfolk, Virginia, U.S.","8,442",[109]
416,UFC 217: Bisping vs. St-Pierre,https://en.wikipedia.org/wiki/UFC_217,"Nov 4, 2017",Madison Square Garden,"New York City, New York, U.S.","18,201",[110]
415,UFC Fight Night: Brunson vs. Machida,https://en.wikipedia.org/wiki/UFC_Fight_Night:_Brunson_vs._Machida,"Oct 28, 2017",Ginásio do Ibirapuera,"São Paulo, Brazil","10,265",[111]
414,UFC Fight Night: Cowboy vs. Till,https://en.wikipedia.org/wiki/UFC_Fight_Night:_Cowboy_vs._Till,"Oct 21, 2017",Ergo Arena,"Gdańsk, Poland","11,138",[112]
413,UFC 216: Ferguson vs. Lee,https://en.wikipedia.org/wiki/UFC_216,"Oct 7, 2017",T-Mobile Arena,"Las Vegas, Nevada, U.S.","10,638",[113]
412,UFC Fight Night: Saint Preux vs. Okami,https://en.wikipedia.org/wiki/UFC_Fight_Night:_Saint_Preux_vs._Okami,"Sep 23, 2017",Saitama Super Arena,"Saitama, Japan","8,571",[114]
411,UFC Fight Night: Rockhold vs. Branch,https://en.wikipedia.org/wiki/UFC_Fight_Night:_Rockhold_vs._Branch,"Sep 16, 2017",PPG Paints Arena,"Pittsburgh, Pennsylvania, U.S.","7,005",[115]
410,UFC 215: Nunes vs. Shevchenko 2,https://en.wikipedia.org/wiki/UFC_215,"Sep 9, 2017",Rogers Place,"Edmonton, Alberta, Canada","16,232",[116]
409,UFC Fight Night: Volkov vs. Struve,https://en.wikipedia.org/wiki/UFC_Fight_Night:_Volkov_vs._Struve,"Sep 2, 2017",Rotterdam Ahoy,"Rotterdam, Netherlands","10,224",[117]
408,UFC Fight Night: Pettis vs. Moreno,https://en.wikipedia.org/wiki/UFC_Fight_Night:_Pettis_vs._Moreno,"Aug 5, 2017",Arena Ciudad de México,"Mexico City, Mexico","10,172",[118]
407,UFC 214: Cormier vs. Jones 2,https://en.wikipedia.org/wiki/UFC_214,"Jul 29, 2017",Honda Center,"Anaheim, California, U.S.","16,610",[119]
406,UFC on Fox: Weidman vs. Gastelum,https://en.wikipedia.org/wiki/UFC_on_Fox:_Weidman_vs._Gastelum,"Jul 22, 2017",Nassau Veterans Memorial Coliseum,"Uniondale, New York, U.S.","11,198",[120]
405,UFC Fight Night: Nelson vs. Ponzinibbio,https://en.wikipedia.org/wiki/UFC_Fight_Night:_Nelson_vs._Ponzinibbio,"Jul 16, 2017",The SSE Hydro,"Glasgow, Scotland, U.K.","10,589",[121]
404,UFC 213: Romero vs. Whittaker,https://en.wikipedia.org/wiki/UFC_213,"Jul 8, 2017",T-Mobile Arena,"Las Vegas, Nevada, U.S.","12,834",[122]
403,The Ultimate Fighter: Redemption Finale,https://en.wikipedia.org/wiki/The_Ultimate_Fighter:_Redemption#The_Ultimate_Fighter_25_Finale,"Jul 7, 2017",T-Mobile Arena,"Las Vegas, Nevada, U.S.","6,308",[123]
402,UFC Fight Night: Chiesa vs. Lee,https://en.wikipedia.org/wiki/UFC_Fight_Night:_Chiesa_vs._Lee,"Jun 25, 2017",Chesapeake Energy Arena,"Oklahoma City, Oklahoma, U.S.","7,605",[124]
401,UFC Fight Night: Holm vs. Correia,https://en.wikipedia.org/wiki/UFC_Fight_Night:_Holm_vs._Correia,"Jun 17, 2017",Singapore Indoor Stadium,"Kallang, Singapore","8,414",[125]
400,UFC Fight Night: Lewis vs. Hunt,https://en.wikipedia.org/wiki/UFC_Fight_Night:_Lewis_vs._Hunt,"Jun 11, 2017",Spark Arena,"Auckland, New Zealand","8,649",[126]
399,UFC 212: Aldo vs. Holloway,https://en.wikipedia.org/wiki/UFC_212,"Jun 3, 2017",Jeunesse Arena,"Rio de Janeiro, Brazil","15,412",[127]
398,UFC Fight Night: Gustafsson vs. Teixeira,https://en.wikipedia.org/wiki/UFC_Fight_Night:_Gustafsson_vs._Teixeira,"May 28, 2017",Ericsson Globe,"Stockholm, Sweden","12,668",[128]
397,UFC 211: Miocic vs. dos Santos 2,https://en.wikipedia.org/wiki/UFC_211,"May 13, 2017",American Airlines Center,"Dallas, Texas, U.S.","17,834",[129]
396,UFC Fight Night: Swanson vs. Lobov,https://en.wikipedia.org/wiki/UFC_Fight_Night:_Swanson_vs._Lobov,"Apr 22, 2017",Bridgestone Arena,"Nashville, Tennessee, U.S.","10,144",[130]
395,UFC on Fox: Johnson vs. Reis,https://en.wikipedia.org/wiki/UFC_on_Fox:_Johnson_vs._Reis,"Apr 15, 2017",Sprint Center,"Kansas City, Missouri, U.S.","12,171",[131]
394,UFC 210: Cormier vs. Johnson 2,https://en.wikipedia.org/wiki/UFC_210,"Apr 8, 2017",KeyBank Center,"Buffalo, New York, U.S.","17,110",[132]
393,UFC Fight Night: Manuwa vs. Anderson,https://en.wikipedia.org/wiki/UFC_Fight_Night:_Manuwa_vs._Anderson,"Mar 18, 2017",The O2 Arena,"London, England, U.K.","15,761",[133]
392,UFC Fight Night: Belfort vs. Gastelum,https://en.wikipedia.org/wiki/UFC_Fight_Night:_Belfort_vs._Gastelum,"Mar 11, 2017",Centro de Formação Olímpica do Nordeste,"Fortaleza, Brazil","14,069",[134]
391,UFC 209: Woodley vs. Thompson 2,https://en.wikipedia.org/wiki/UFC_209,"Mar 4, 2017",T-Mobile Arena,"Las Vegas, Nevada, U.S.","13,150",[135]
390,UFC Fight Night: Lewis vs. Browne,https://en.wikipedia.org/wiki/UFC_Fight_Night:_Lewis_vs._Browne,"Feb 19, 2017",Scotiabank Centre,"Halifax, Nova Scotia, Canada","8,123",[136]
389,UFC 208: Holm vs. de Randamie,https://en.wikipedia.org/wiki/UFC_208,"Feb 11, 2017",Barclays Center,"Brooklyn, New York, U.S.","15,628",[137]
388,UFC Fight Night: Bermudez vs. The Korean Zombie,https://en.wikipedia.org/wiki/UFC_Fight_Night:_Bermudez_vs._The_Korean_Zombie,"Feb 4, 2017",Toyota Center,"Houston, Texas, U.S.","8,119",[138]
387,UFC on Fox: Shevchenko vs. Peña,https://en.wikipedia.org/wiki/UFC_on_Fox:_Shevchenko_vs._Pe%C3%B1a,"Jan 28, 2017",Pepsi Center,"Denver, Colorado, U.S.","13,233",[139]
386,UFC Fight Night: Rodríguez vs. Penn,https://en.wikipedia.org/wiki/UFC_Fight_Night:_Rodr%C3%ADguez_vs._Penn,"Jan 15, 2017",Talking Stick Resort Arena,"Phoenix, Arizona, U.S.","11,589",[140]
385,UFC 207: Nunes vs. Rousey,https://en.wikipedia.org/wiki/UFC_207,"Dec 30, 2016",T-Mobile Arena,"Las Vegas, Nevada, U.S.","18,533",[141]
384,UFC on Fox: VanZant vs. Waterson,https://en.wikipedia.org/wiki/UFC_on_Fox:_VanZant_vs._Waterson,"Dec 17, 2016",Golden 1 Center,"Sacramento, California, U.S.","13,136",[142]
383,UFC 206: Holloway vs. Pettis,https://en.wikipedia.org/wiki/UFC_206,"Dec 10, 2016",Scotiabank Arena,"Toronto, Ontario, Canada","18,057",[143]
382,UFC Fight Night: Lewis vs. Abdurakhimov,https://en.wikipedia.org/wiki/UFC_Fight_Night:_Lewis_vs._Abdurakhimov,"Dec 9, 2016",Times Union Center,"Albany, New York, U.S.","6,216",[144]
381,The Ultimate Fighter: Tournament of Champions Finale,https://en.wikipedia.org/wiki/The_Ultimate_Fighter:_Tournament_of_Champions#The_Ultimate_Fighter_24_Finale,"Dec 3, 2016",Palms Casino Resort,"Las Vegas, Nevada, U.S.","2,044",[145]
380,UFC Fight Night: Whittaker vs. Brunson,https://en.wikipedia.org/wiki/UFC_Fight_Night:_Whittaker_vs._Brunson,"Nov 27, 2016",Rod Laver Arena,"Melbourne, Australia","13,721",[146]
379,UFC Fight Night: Bader vs. Nogueira 2,https://en.wikipedia.org/wiki/UFC_Fight_Night:_Bader_vs._Nogueira_2,"Nov 19, 2016",Ginásio do Ibirapuera,"São Paulo, Brazil","9,028",[147]
378,UFC Fight Night: Mousasi vs. Hall 2,https://en.wikipedia.org/wiki/UFC_Fight_Night:_Mousasi_vs._Hall_2,"Nov 19, 2016",The SSE Arena,"Belfast, Northern Ireland, U.K.","7,222",[148]
377,UFC 205: Alvarez vs. McGregor,https://en.wikipedia.org/wiki/UFC_205,"Nov 12, 2016",Madison Square Garden,"New York City, New York, U.S.","20,427",[149]
376,The Ultimate Fighter Latin America 3 Finale: dos Anjos vs. Ferguson,https://en.wikipedia.org/wiki/The_Ultimate_Fighter:_Latin_America_3#The_Ultimate_Fighter_Latin_America_3_Finale:_dos_Anjos_vs._Ferguson,"Nov 5, 2016",Arena Ciudad de México,"Mexico City, Mexico","11,460",[150]
–,UFC Fight Night: Lamas vs. Penn,https://en.wikipedia.org/wiki/UFC_Fight_Night:_Lamas_vs._Penn,"Oct 15, 2016",Mall of Asia Arena,"Pasay, Philippines",Cancelled,
375,UFC 204: Bisping vs. Henderson 2,https://en.wikipedia.org/wiki/UFC_204,"Oct 8, 2016",Manchester Arena,"Manchester, England, U.K.","16,000",[151]
374,UFC Fight Night: Lineker vs. Dodson,https://en.wikipedia.org/wiki/UFC_Fight_Night:_Lineker_vs._Dodson,"Oct 1, 2016",Moda Center,"Portland, Oregon, U.S.","6,240",[152]
373,UFC Fight Night: Cyborg vs. Länsberg,https://en.wikipedia.org/wiki/UFC_Fight_Night:_Cyborg_vs._L%C3%A4nsberg,"Sep 24, 2016",Ginásio Nilson Nelson,"Brasília, Brazil","8,410",[153]
372,UFC Fight Night: Poirier vs. Johnson,https://en.wikipedia.org/wiki/UFC_Fight_Night:_Poirier_vs._Johnson,"Sep 17, 2016",State Farm Arena,"Hidalgo, Texas, U.S.","5,624",[154]
371,UFC 203: Miocic vs. Overeem,https://en.wikipedia.org/wiki/UFC_203,"Sep 10, 2016",Quicken Loans Arena,"Cleveland, Ohio, U.S.","18,875",[155]
370,UFC Fight Night: Arlovski vs. Barnett,https://en.wikipedia.org/wiki/UFC_Fight_Night:_Arlovski_vs._Barnett,"Sep 3, 2016",Barclaycard Arena,"Hamburg, Germany","11,763",[156]
369,UFC on Fox: Maia vs. Condit,https://en.wikipedia.org/wiki/UFC_on_Fox:_Maia_vs._Condit,"Aug 27, 2016",Rogers Arena,"Vancouver, British Columbia, Canada","10,533",[157]
368,UFC 202: Diaz vs. McGregor 2,https://en.wikipedia.org/wiki/UFC_202,"Aug 20, 2016",T-Mobile Arena,"Las Vegas, Nevada, U.S","15,539",[158]
367,UFC Fight Night: Rodríguez vs. Caceres,https://en.wikipedia.org/wiki/UFC_Fight_Night:_Rodr%C3%ADguez_vs._Caceres,"Aug 6, 2016",Vivint Smart Home Arena,"Salt Lake City, Utah, U.S.","6,689",[159]
366,UFC 201: Lawler vs. Woodley,https://en.wikipedia.org/wiki/UFC_201,"Jul 30, 2016",Philips Arena,"Atlanta, Georgia, U.S.","10,240",[160]
365,UFC on Fox: Holm vs. Shevchenko,https://en.wikipedia.org/wiki/UFC_on_Fox:_Holm_vs._Shevchenko,"Jul 23, 2016",United Center,"Chicago, Illinois, U.S.","10,287",[161]
364,UFC Fight Night: McDonald vs. Lineker,https://en.wikipedia.org/wiki/UFC_Fight_Night:_McDonald_vs._Lineker,"Jul 13, 2016",Denny Sanford Premier Center,"Sioux Falls, South Dakota, U.S.","5,671",[162]
363,UFC 200: Tate vs. Nunes,https://en.wikipedia.org/wiki/UFC_200,"Jul 9, 2016",T-Mobile Arena,"Las Vegas, Nevada, U.S","18,202",[163]
362,The Ultimate Fighter: Team Joanna vs. Team Cláudia Finale,https://en.wikipedia.org/wiki/The_Ultimate_Fighter:_Team_Joanna_vs._Team_Cl%C3%A1udia#The_Ultimate_Fighter_23_Finale,"Jul 8, 2016",MGM Grand Garden Arena,"Las Vegas, Nevada, U.S.","8,115",[164]
361,UFC Fight Night: dos Anjos vs. Alvarez,https://en.wikipedia.org/wiki/UFC_Fight_Night:_dos_Anjos_vs._Alvarez,"Jul 7, 2016",MGM Grand Garden Arena,"Las Vegas, Nevada, U.S.","7,760",[165]
360,UFC Fight Night: MacDonald vs. Thompson,https://en.wikipedia.org/wiki/UFC_Fight_Night:_MacDonald_vs._Thompson,"Jun 18, 2016",TD Place Arena,"Ottawa, Ontario, Canada","10,490",[166]
359,UFC 199: Rockhold vs. Bisping 2,https://en.wikipedia.org/wiki/UFC_199,"Jun 4, 2016",The Forum,"Inglewood, California, U.S.","15,587",[167]
358,UFC Fight Night: Almeida vs. Garbrandt,https://en.wikipedia.org/wiki/UFC_Fight_Night:_Almeida_vs._Garbrandt,"May 29, 2016",Mandalay Bay Events Center,"Las Vegas, Nevada, U.S.","5,193",[168]
357,UFC 198: Werdum vs. Miocic,https://en.wikipedia.org/wiki/UFC_198,"May 14, 2016",Arena da Baixada,"Curitiba, Brazil","45,207",[169]
356,UFC Fight Night: Overeem vs. Arlovski,https://en.wikipedia.org/wiki/UFC_Fight_Night:_Overeem_vs._Arlovski,"May 8, 2016",Rotterdam Ahoy,"Rotterdam, Netherlands","10,421",[170]
355,UFC 197: Jones vs. Saint Preux,https://en.wikipedia.org/wiki/UFC_197,"Apr 23, 2016",MGM Grand Garden Arena,"Las Vegas, Nevada, U.S.","11,352",[171]
354,UFC on Fox: Teixeira vs. Evans,https://en.wikipedia.org/wiki/UFC_on_Fox:_Teixeira_vs._Evans,"Apr 16, 2016",Amalie Arena,"Tampa, Florida, U.S.","11,273",[172]
353,UFC Fight Night: Rothwell vs. dos Santos,https://en.wikipedia.org/wiki/UFC_Fight_Night:_Rothwell_vs._dos_Santos,"Apr 10, 2016",Arena Zagreb,"Zagreb, Croatia","13,177",[173]
352,UFC Fight Night: Hunt vs. Mir,https://en.wikipedia.org/wiki/UFC_Fight_Night:_Hunt_vs._Mir,"Mar 20, 2016",Brisbane Entertainment Centre,"Brisbane, Australia","9,552",[174]
351,UFC 196: McGregor vs. Diaz,https://en.wikipedia.org/wiki/UFC_196,"Mar 5, 2016",MGM Grand Garden Arena,"Las Vegas, Nevada, U.S.","14,898",[175]
350,UFC Fight Night: Silva vs. Bisping,https://en.wikipedia.org/wiki/UFC_Fight_Night:_Silva_vs._Bisping,"Feb 27, 2016",The O2 Arena,"London, England, U.K.","16,734",[176]
349,UFC Fight Night: Cowboy vs. Cowboy,https://en.wikipedia.org/wiki/UFC_Fight_Night:_Cowboy_vs._Cowboy,"Feb 21, 2016",Consol Energy Center,"Pittsburgh, Pennsylvania, U.S.","7,330",[177]
348,UFC Fight Night: Hendricks vs. Thompson,https://en.wikipedia.org/wiki/UFC_Fight_Night:_Hendricks_vs._Thompson,"Feb 6, 2016",MGM Grand Garden Arena,"Las Vegas, Nevada, U.S.","7,422",[178]
347,UFC on Fox: Johnson vs. Bader,https://en.wikipedia.org/wiki/UFC_on_Fox:_Johnson_vs._Bader,"Jan 30, 2016",Prudential Center,"Newark, New Jersey, U.S.","10,555",[178]
346,UFC Fight Night: Dillashaw vs. Cruz,https://en.wikipedia.org/wiki/UFC_Fight_Night:_Dillashaw_vs._Cruz,"Jan 17, 2016",TD Garden,"Boston, Massachusetts, U.S.","12,022",[179]
345,UFC 195: Lawler vs. Condit,https://en.wikipedia.org/wiki/UFC_195,"Jan 2, 2016",MGM Grand Garden Arena,"Las Vegas, Nevada, U.S.","10,300",[180]
344,UFC on Fox: dos Anjos vs. Cowboy 2,https://en.wikipedia.org/wiki/UFC_on_Fox:_dos_Anjos_vs._Cowboy_2,"Dec 19, 2015",Amway Center,"Orlando, Florida, U.S.","14,459",[181]
343,UFC 194: Aldo vs. McGregor,https://en.wikipedia.org/wiki/UFC_194,"Dec 12, 2015",MGM Grand Garden Arena,"Las Vegas, Nevada, U.S.","16,516",[182]
342,The Ultimate Fighter: Team McGregor vs. Team Faber Finale,https://en.wikipedia.org/wiki/The_Ultimate_Fighter:_Team_McGregor_vs._Team_Faber#The_Ultimate_Fighter_22_Finale,"Dec 11, 2015",The Chelsea at The Cosmopolitan,"Las Vegas, Nevada, U.S.","2,566",[183]
341,UFC Fight Night: Namajunas vs. VanZant,https://en.wikipedia.org/wiki/UFC_Fight_Night:_Namajunas_vs._VanZant,"Dec 10, 2015",The Chelsea at The Cosmopolitan,"Las Vegas, Nevada, U.S.","1,643",[184]
340,UFC Fight Night: Henderson vs. Masvidal,https://en.wikipedia.org/wiki/UFC_Fight_Night:_Henderson_vs._Masvidal,"Nov 28, 2015",Olympic Gymnastics Arena,"Seoul, South Korea","12,156",[185]
339,The Ultimate Fighter Latin America 2 Finale: Magny vs. Gastelum,https://en.wikipedia.org/wiki/The_Ultimate_Fighter:_Latin_America_2#The_Ultimate_Fighter_Latin_America_2_Finale:_Magny_vs._Gastelum,"Nov 21, 2015",Arena Monterrey,"Monterrey, Mexico","10,410",[186]
338,UFC 193: Rousey vs. Holm,https://en.wikipedia.org/wiki/UFC_193,"Nov 15, 2015",Etihad Stadium,"Melbourne, Australia","56,214",[187]
337,UFC Fight Night: Belfort vs. Henderson 3,https://en.wikipedia.org/wiki/UFC_Fight_Night:_Belfort_vs._Henderson_3,"Nov 7, 2015",Ginásio do Ibirapuera,"São Paulo, Brazil","10,628",[188]
336,UFC Fight Night: Holohan vs. Smolka,https://en.wikipedia.org/wiki/UFC_Fight_Night:_Holohan_vs._Smolka,"Oct 24, 2015",3Arena,"Dublin, Ireland","9,500",[189]
335,UFC 192: Cormier vs. Gustafsson,https://en.wikipedia.org/wiki/UFC_192,"Oct 3, 2015",Toyota Center,"Houston, Texas, U.S.","14,622",[190]
334,UFC Fight Night: Barnett vs. Nelson,https://en.wikipedia.org/wiki/UFC_Fight_Night:_Barnett_vs._Nelson,"Sep 27, 2015",Saitama Super Arena,"Saitama, Japan","10,137",[191]
333,UFC 191: Johnson vs. Dodson 2,https://en.wikipedia.org/wiki/UFC_191,"Sep 5, 2015",MGM Grand Garden Arena,"Las Vegas, Nevada, U.S.","10,873",[192]
332,UFC Fight Night: Holloway vs. Oliveira,https://en.wikipedia.org/wiki/UFC_Fight_Night:_Holloway_vs._Oliveira,"Aug 23, 2015",SaskTel Centre,"Saskatoon, Saskatchewan, Canada","7,202",[193]
331,UFC Fight Night: Teixeira vs. Saint Preux,https://en.wikipedia.org/wiki/UFC_Fight_Night:_Teixeira_vs._Saint_Preux,"Aug 8, 2015",Bridgestone Arena,"Nashville, Tennessee, U.S.","7,539",[194]
330,UFC 190: Rousey vs. Correia,https://en.wikipedia.org/wiki/UFC_190,"Aug 1, 2015",HSBC Arena,"Rio de Janeiro, Brazil","14,723",[195]
329,UFC on Fox: Dillashaw vs. Barão 2,https://en.wikipedia.org/wiki/UFC_on_Fox:_Dillashaw_vs._Bar%C3%A3o_2,"Jul 25, 2015",United Center,"Chicago, Illinois, U.S.","11,663",[196]
328,UFC Fight Night: Bisping vs. Leites,https://en.wikipedia.org/wiki/UFC_Fight_Night:_Bisping_vs._Leites,"Jul 18, 2015",The SSE Hydro,"Glasgow, Scotland, U.K.","10,451",[197]
327,UFC Fight Night: Mir vs. Duffee,https://en.wikipedia.org/wiki/UFC_Fight_Night:_Mir_vs._Duffee,"Jul 15, 2015",Valley View Casino Center,"San Diego, California, U.S.","5,471",[198]
326,The Ultimate Fighter: American Top Team vs. Blackzilians Finale,https://en.wikipedia.org/wiki/The_Ultimate_Fighter:_American_Top_Team_vs._Blackzilians#The_Ultimate_Fighter_21_Finale,"Jul 12, 2015",MGM Grand Garden Arena,"Las Vegas, Nevada, U.S.","4,844",[199]
325,UFC 189: Mendes vs. McGregor,https://en.wikipedia.org/wiki/UFC_189,"Jul 11, 2015",MGM Grand Garden Arena,"Las Vegas, Nevada, U.S.","16,019",[200]
324,UFC Fight Night: Machida vs. Romero,https://en.wikipedia.org/wiki/UFC_Fight_Night:_Machida_vs._Romero,"Jun 27, 2015",Seminole Hard Rock Hotel and Casino,"Hollywood, Florida, U.S.","5,604",[201]
323,UFC Fight Night: Jędrzejczyk vs. Penne,https://en.wikipedia.org/wiki/UFC_Fight_Night:_J%C4%99drzejczyk_vs._Penne,"Jun 20, 2015",O2 World,"Berlin, Germany","8,155",[202]
322,UFC 188: Velasquez vs. Werdum,https://en.wikipedia.org/wiki/UFC_188,"Jun 13, 2015",Arena Ciudad de México,"Mexico City, Mexico","21,036",[203]
321,UFC Fight Night: Boetsch vs. Henderson,https://en.wikipedia.org/wiki/UFC_Fight_Night:_Boetsch_vs._Henderson,"Jun 6, 2015",Smoothie King Center,"New Orleans, Louisiana, U.S.","6,231",[204]
320,UFC Fight Night: Condit vs. Alves,https://en.wikipedia.org/wiki/UFC_Fight_Night:_Condit_vs._Alves,"May 30, 2015",Goiânia Arena,"Goiânia, Brazil","3,500",[205]
319,UFC 187: Johnson vs. Cormier,https://en.wikipedia.org/wiki/UFC_187,"May 23, 2015",MGM Grand Garden Arena,"Las Vegas, Nevada, U.S.","12,615",[206]
318,UFC Fight Night: Edgar vs. Faber,https://en.wikipedia.org/wiki/UFC_Fight_Night:_Edgar_vs._Faber,"May 16, 2015",Mall of Asia Arena,"Pasay, Philippines","13,446",[207]
317,UFC Fight Night: Miocic vs. Hunt,https://en.wikipedia.org/wiki/UFC_Fight_Night:_Miocic_vs._Hunt,"May 10, 2015",Adelaide Entertainment Centre,"Adelaide, Australia","7,984",[208]
316,UFC 186: Johnson vs. Horiguchi,https://en.wikipedia.org/wiki/UFC_186,"Apr 25, 2015",Bell Centre,"Montreal, Quebec, Canada","10,154",[209]
315,UFC on Fox: Machida vs. Rockhold,https://en.wikipedia.org/wiki/UFC_on_Fox:_Machida_vs._Rockhold,"Apr 18, 2015",Prudential Center,"Newark, New Jersey, U.S.","13,306",[210]
314,UFC Fight Night: Gonzaga vs. Cro Cop 2,https://en.wikipedia.org/wiki/UFC_Fight_Night:_Gonzaga_vs._Cro_Cop_2,"Apr 11, 2015",Tauron Arena Kraków,"Kraków, Poland","10,000",[211]
313,UFC Fight Night: Mendes vs. Lamas,https://en.wikipedia.org/wiki/UFC_Fight_Night:_Mendes_vs._Lamas,"Apr 4, 2015",Patriot Center,"Fairfax, Virginia, U.S.","5,417",[212]
312,UFC Fight Night: Maia vs. LaFlare,https://en.wikipedia.org/wiki/UFC_Fight_Night:_Maia_vs._LaFlare,"Mar 21, 2015",Ginásio do Maracanãzinho,"Rio de Janeiro, Brazil","7,707",[213]
311,UFC 185: Pettis vs. dos Anjos,https://en.wikipedia.org/wiki/UFC_185,"Mar 14, 2015",American Airlines Center,"Dallas, Texas, U.S.","17,160",[214]
310,UFC 184: Rousey vs. Zingano,https://en.wikipedia.org/wiki/UFC_184,"Feb 28, 2015",Staples Center,"Los Angeles, California, U.S.","17,654",[215]
309,UFC Fight Night: Bigfoot vs. Mir,https://en.wikipedia.org/wiki/UFC_Fight_Night:_Bigfoot_vs._Mir,"Feb 22, 2015",Ginásio Gigantinho,"Porto Alegre, Brazil","5,080",[216]
308,UFC Fight Night: Henderson vs. Thatch,https://en.wikipedia.org/wiki/UFC_Fight_Night:_Henderson_vs._Thatch,"Feb 14, 2015",1stBank Center,"Broomfield, Colorado, U.S.","5,807",[217]
307,UFC 183: Silva vs. Diaz,https://en.wikipedia.org/wiki/UFC_183,"Jan 31, 2015",MGM Grand Garden Arena,"Las Vegas, Nevada, U.S.","13,114",[218]
306,UFC on Fox: Gustafsson vs. Johnson,https://en.wikipedia.org/wiki/UFC_on_Fox:_Gustafsson_vs._Johnson,"Jan 24, 2015",Tele2 Arena,"Stockholm, Sweden","30,000",[219]
305,UFC Fight Night: McGregor vs. Siver,https://en.wikipedia.org/wiki/UFC_Fight_Night:_McGregor_vs._Siver,"Jan 18, 2015",TD Garden,"Boston, Massachusetts, U.S.","13,828",[220]
304,UFC 182: Jones vs. Cormier,https://en.wikipedia.org/wiki/UFC_182,"Jan 3, 2015",MGM Grand Garden Arena,"Las Vegas, Nevada, U.S.","11,575",[221]
303,UFC Fight Night: Machida vs. Dollaway,https://en.wikipedia.org/wiki/UFC_Fight_Night:_Machida_vs._Dollaway,"Dec 20, 2014",Ginásio José Corrêa,"Barueri, Brazil",N/A,
302,UFC on Fox: dos Santos vs. Miocic,https://en.wikipedia.org/wiki/UFC_on_Fox:_dos_Santos_vs._Miocic,"Dec 13, 2014",Talking Stick Resort Arena,"Phoenix, Arizona, U.S.","15,300",[222]
301,The Ultimate Fighter: A Champion Will Be Crowned Finale,https://en.wikipedia.org/wiki/The_Ultimate_Fighter:_A_Champion_Will_Be_Crowned#The_Ultimate_Fighter_20_Finale,"Dec 12, 2014",Palms Casino Resort,"Las Vegas, Nevada, U.S.","1,800",[223]
300,UFC 181: Hendricks vs. Lawler II,https://en.wikipedia.org/wiki/UFC_181,"Dec 6, 2014",Mandalay Bay Events Center,"Las Vegas, Nevada, U.S.","9,617",[224]
299,UFC Fight Night: Edgar vs. Swanson,https://en.wikipedia.org/wiki/UFC_Fight_Night:_Edgar_vs._Swanson,"Nov 22, 2014",Frank Erwin Center,"Austin, Texas, U.S.","10,131",[225]
298,UFC 180: Werdum vs. Hunt,https://en.wikipedia.org/wiki/UFC_180,"Nov 15, 2014",Arena Ciudad de México,"Mexico City, Mexico","21,000",[226]
297,UFC Fight Night: Shogun vs. Saint Preux,https://en.wikipedia.org/wiki/UFC_Fight_Night:_Shogun_vs._Saint_Preux,"Nov 8, 2014",Ginásio Municipal Tancredo Neves,"Uberlândia, Brazil","5,671",[227]
296,UFC Fight Night: Rockhold vs. Bisping,https://en.wikipedia.org/wiki/UFC_Fight_Night:_Rockhold_vs._Bisping,"Nov 8, 2014",Allphones Arena,"Sydney, Australia","9,904",[228]
295,UFC 179: Aldo vs. Mendes 2,https://en.wikipedia.org/wiki/UFC_179,"Oct 25, 2014",Ginásio do Maracanãzinho,"Rio de Janeiro, Brazil","11,415",[229]
294,UFC Fight Night: MacDonald vs. Saffiedine,https://en.wikipedia.org/wiki/UFC_Fight_Night:_MacDonald_vs._Saffiedine,"Oct 4, 2014",Scotiabank Centre,"Halifax, Nova Scotia, Canada","10,782",[230]
293,UFC Fight Night: Nelson vs. Story,https://en.wikipedia.org/wiki/UFC_Fight_Night:_Nelson_vs._Story,"Oct 4, 2014",Ericsson Globe Arena,"Stockholm, Sweden","10,026",[231]
292,UFC 178: Johnson vs. Cariaso,https://en.wikipedia.org/wiki/UFC_178,"Sep 27, 2014",MGM Grand Garden Arena,"Las Vegas, Nevada, U.S.","10,544",[232]
291,UFC Fight Night: Hunt vs. Nelson,https://en.wikipedia.org/wiki/UFC_Fight_Night:_Hunt_vs._Nelson,"Sep 20, 2014",Saitama Super Arena,"Saitama, Japan","12,395",[233]
290,UFC Fight Night: Bigfoot vs. Arlovski,https://en.wikipedia.org/wiki/UFC_Fight_Night:_Bigfoot_vs._Arlovski,"Sep 13, 2014",Ginásio Nilson Nelson,"Brasília, Brazil","8,822",[234]
289,UFC Fight Night: Jacaré vs. Mousasi,https://en.wikipedia.org/wiki/UFC_Fight_Night:_Jacar%C3%A9_vs._Mousasi,"Sep 5, 2014",Foxwoods Resort Casino,"Mashantucket, Connecticut, U.S.","4,086",[235]
288,UFC 177: Dillashaw vs. Soto,https://en.wikipedia.org/wiki/UFC_177,"Aug 30, 2014",Sleep Train Arena,"Sacramento, California, U.S.","11,100",[236]
287,UFC Fight Night: Henderson vs. dos Anjos,https://en.wikipedia.org/wiki/UFC_Fight_Night:_Henderson_vs._dos_Anjos,"Aug 23, 2014",BOK Center,"Tulsa, Oklahoma, U.S.","7,119",[237]
286,UFC Fight Night: Bisping vs. Le,https://en.wikipedia.org/wiki/UFC_Fight_Night:_Bisping_vs._Le,"Aug 23, 2014",CotaiArena,"Macau, SAR, China","7,022",[238]
285,UFC Fight Night: Bader vs. Saint Preux,https://en.wikipedia.org/wiki/UFC_Fight_Night:_Bader_vs._Saint_Preux,"Aug 16, 2014",Cross Insurance Center,"Bangor, Maine, U.S.","5,329",[239]
–,UFC 176: Aldo vs. Mendes II,https://en.wikipedia.org/wiki/UFC_176,"Aug 2, 2014",Staples Center,"Los Angeles, California, U.S.",Cancelled,
284,UFC on Fox: Lawler vs. Brown,https://en.wikipedia.org/wiki/UFC_on_Fox:_Lawler_vs._Brown,"Jul 26, 2014",SAP Center,"San Jose, California, U.S.","11,482",[240]
283,UFC Fight Night: McGregor vs. Brandao,https://en.wikipedia.org/wiki/UFC_Fight_Night:_McGregor_vs._Brandao,"Jul 19, 2014",The O2,"Dublin, Ireland","9,500",[241]
282,UFC Fight Night: Cowboy vs. Miller,https://en.wikipedia.org/wiki/UFC_Fight_Night:_Cowboy_vs._Miller,"Jul 16, 2014",Revel Casino Hotel,"Atlantic City, New Jersey, U.S.","4,115",[242]
281,The Ultimate Fighter: Team Edgar vs. Team Penn Finale,https://en.wikipedia.org/wiki/The_Ultimate_Fighter:_Team_Edgar_vs._Team_Penn#The_Ultimate_Fighter_19_Finale,"Jul 6, 2014",Mandalay Bay Events Center,"Las Vegas, Nevada, U.S.","6,500",[243]
280,UFC 175: Weidman vs. Machida,https://en.wikipedia.org/wiki/UFC_175,"Jul 5, 2014",Mandalay Bay Events Center,"Las Vegas, Nevada, U.S.","10,088",[244]
279,UFC Fight Night: Swanson vs. Stephens,https://en.wikipedia.org/wiki/UFC_Fight_Night:_Swanson_vs._Stephens,"Jun 28, 2014",AT&T Center,"San Antonio, Texas, U.S.","9,227",[245]
278,UFC Fight Night: Te Huna vs. Marquardt,https://en.wikipedia.org/wiki/UFC_Fight_Night:_Te_Huna_vs._Marquardt,"Jun 28, 2014",Vector Arena,"Auckland, New Zealand","8,089",[246]
277,UFC 174: Johnson vs. Bagautinov,https://en.wikipedia.org/wiki/UFC_174,"Jun 14, 2014",Rogers Arena,"Vancouver, British Columbia, Canada","13,506",[247]
276,UFC Fight Night: Henderson vs. Khabilov,https://en.wikipedia.org/wiki/UFC_Fight_Night:_Henderson_vs._Khabilov,"Jun 7, 2014",Tingley Coliseum,"Albuquerque, New Mexico, U.S.","8,775",[248]
275,The Ultimate Fighter Brazil 3 Finale: Miocic vs. Maldonado,https://en.wikipedia.org/wiki/The_Ultimate_Fighter:_Brazil_3#The_Ultimate_Fighter_Brazil_3_Finale:_Miocic_vs._Maldonado,"May 31, 2014",Ginásio do Ibirapuera,"São Paulo, Brazil","8,986",[249]
274,UFC Fight Night: Muñoz vs. Mousasi,https://en.wikipedia.org/wiki/UFC_Fight_Night:_Mu%C3%B1oz_vs._Mousasi,"May 31, 2014",O2 World,"Berlin, Germany","8,000",[250]
273,UFC 173: Barão vs. Dillashaw,https://en.wikipedia.org/wiki/UFC_173,"May 24, 2014",MGM Grand Garden Arena,"Las Vegas, Nevada, U.S.","11,036",[251]
272,UFC Fight Night: Brown vs. Silva,https://en.wikipedia.org/wiki/UFC_Fight_Night:_Brown_vs._Silva,"May 10, 2014",U.S. Bank Arena,"Cincinnati, Ohio, U.S.","6,143",[252]
271,UFC 172: Jones vs. Teixeira,https://en.wikipedia.org/wiki/UFC_172,"Apr 26, 2014",Baltimore Arena,"Baltimore, Maryland, U.S.","13,485",[253]
270,UFC on Fox: Werdum vs. Browne,https://en.wikipedia.org/wiki/UFC_on_Fox:_Werdum_vs._Browne,"Apr 19, 2014",Amway Center,"Orlando, Florida, U.S.","17,000",[254]
269,The Ultimate Fighter Nations Finale: Bisping vs. Kennedy,https://en.wikipedia.org/wiki/The_Ultimate_Fighter_Nations:_Canada_vs._Australia#The_Ultimate_Fighter_Nations_Finale:_Bisping_vs._Kennedy,"Apr 16, 2014",Colisée Pepsi,"Quebec City, Quebec, Canada","5,029",[255]
268,UFC Fight Night: Nogueira vs. Nelson,https://en.wikipedia.org/wiki/UFC_Fight_Night:_Nogueira_vs._Nelson,"Apr 11, 2014",du Arena,"Abu Dhabi, United Arab Emirates","7,963",[256]
267,UFC Fight Night: Shogun vs. Henderson 2,https://en.wikipedia.org/wiki/UFC_Fight_Night:_Shogun_vs._Henderson_2,"Mar 23, 2014",Ginásio Nélio Dias,"Natal, Brazil","6,828",[257]
266,UFC 171: Hendricks vs. Lawler,https://en.wikipedia.org/wiki/UFC_171,"Mar 15, 2014",American Airlines Center,"Dallas, Texas, U.S.","19,324",[258]
265,UFC Fight Night: Gustafsson vs. Manuwa,https://en.wikipedia.org/wiki/UFC_Fight_Night:_Gustafsson_vs._Manuwa,"Mar 8, 2014",The O2 Arena,"London, England, U.K.","14,604",[259]
264,The Ultimate Fighter China Finale: Kim vs. Hathaway,https://en.wikipedia.org/wiki/The_Ultimate_Fighter:_China#The_Ultimate_Fighter_China_Finale:_Kim_vs._Hathaway,"Mar 1, 2014",CotaiArena,"Macau, SAR, China","6,000",[260]
263,UFC 170: Rousey vs. McMann,https://en.wikipedia.org/wiki/UFC_170,"Feb 22, 2014",Mandalay Bay Events Center,"Las Vegas, Nevada, U.S.","10,217",[261]
262,UFC Fight Night: Machida vs. Mousasi,https://en.wikipedia.org/wiki/UFC_Fight_Night:_Machida_vs._Mousasi,"Feb 15, 2014",Arena Jaraguá,"Jaraguá do Sul, Brazil","7,511",[262]
261,UFC 169: Barão vs. Faber II,https://en.wikipedia.org/wiki/UFC_169,"Feb 1, 2014",Prudential Center,"Newark, New Jersey, U.S.","14,308",[263]
260,UFC on Fox: Henderson vs. Thomson,https://en.wikipedia.org/wiki/UFC_on_Fox:_Henderson_vs._Thomson,"Jan 25, 2014",United Center,"Chicago, Illinois, U.S.","10,895",[264]
259,UFC Fight Night: Rockhold vs. Philippou,https://en.wikipedia.org/wiki/UFC_Fight_Night:_Rockhold_vs._Philippou,"Jan 15, 2014",Arena at Gwinnett Center,"Duluth, Georgia, U.S.","5,822",[265]
258,UFC Fight Night: Saffiedine vs. Lim,https://en.wikipedia.org/wiki/UFC_Fight_Night:_Saffiedine_vs._Lim,"Jan 4, 2014",Marina Bay Sands,"Marina Bay, Singapore","5,216",[266]
257,UFC 168: Weidman vs. Silva 2,https://en.wikipedia.org/wiki/UFC_168,"Dec 28, 2013",MGM Grand Garden Arena,"Las Vegas, Nevada, U.S.","15,650",[267]
256,UFC on Fox: Johnson vs. Benavidez 2,https://en.wikipedia.org/wiki/UFC_on_Fox:_Johnson_vs._Benavidez_2,"Dec 14, 2013",Sleep Train Arena,"Sacramento, California, U.S.","11,573",[268]
255,UFC Fight Night: Hunt vs. Bigfoot,https://en.wikipedia.org/wiki/UFC_Fight_Night:_Hunt_vs._Bigfoot,"Dec 7, 2013",Brisbane Entertainment Centre,"Brisbane, Australia","11,393",[269]
254,The Ultimate Fighter: Team Rousey vs. Team Tate Finale,https://en.wikipedia.org/wiki/The_Ultimate_Fighter:_Team_Rousey_vs._Team_Tate#The_Ultimate_Fighter_18_Finale,"Nov 30, 2013",Mandalay Bay Events Center,"Las Vegas, Nevada, U.S.","4,853",[270]
253,UFC 167: St-Pierre vs. Hendricks,https://en.wikipedia.org/wiki/UFC_167,"Nov 16, 2013",MGM Grand Garden Arena,"Las Vegas, Nevada, U.S.","14,856",[271]
252,UFC Fight Night: Belfort vs. Henderson,https://en.wikipedia.org/wiki/UFC_Fight_Night:_Belfort_vs._Henderson,"Nov 9, 2013",Goiânia Arena,"Goiânia, Brazil","10,565",[272]
251,UFC: Fight for the Troops 3,https://en.wikipedia.org/wiki/UFC:_Fight_for_the_Troops_3,"Nov 6, 2013",Fort Campbell,"Fort Campbell, Kentucky, U.S.",N/A,
250,UFC Fight Night: Machida vs. Muñoz,https://en.wikipedia.org/wiki/UFC_Fight_Night:_Machida_vs._Mu%C3%B1oz,"Oct 26, 2013",Phones 4u Arena,"Manchester, England, U.K.","10,355",[273]
249,UFC 166: Velasquez vs. dos Santos III,https://en.wikipedia.org/wiki/UFC_166,"Oct 19, 2013",Toyota Center,"Houston, Texas, U.S.","17,238",[274]
248,UFC Fight Night: Maia vs. Shields,https://en.wikipedia.org/wiki/UFC_Fight_Night:_Maia_vs._Shields,"Oct 9, 2013",Ginásio José Corrêa,"Barueri, Brazil","6,621",[275]
247,UFC 165: Jones vs. Gustafsson,https://en.wikipedia.org/wiki/UFC_165,"Sep 21, 2013",Air Canada Centre,"Toronto, Ontario, Canada","15,504",[276]
246,UFC Fight Night: Teixeira vs. Bader,https://en.wikipedia.org/wiki/UFC_Fight_Night:_Teixeira_vs._Bader,"Sep 4, 2013",Mineirinho Arena,"Belo Horizonte, Brazil","5,126",[277]
245,UFC 164: Henderson vs. Pettis,https://en.wikipedia.org/wiki/UFC_164,"Aug 31, 2013",BMO Harris Bradley Center,"Milwaukee, Wisconsin, U.S.","9,178",[278]
244,UFC Fight Night: Condit vs. Kampmann 2,https://en.wikipedia.org/wiki/UFC_Fight_Night:_Condit_vs._Kampmann_2,"Aug 28, 2013",Bankers Life Fieldhouse,"Indianapolis, Indiana, U.S.","6,417",[279]
243,UFC Fight Night: Shogun vs. Sonnen,https://en.wikipedia.org/wiki/UFC_Fight_Night:_Shogun_vs._Sonnen,"Aug 17, 2013",TD Garden,"Boston, Massachusetts, U.S.","14,181",[280]
242,UFC 163: Aldo vs. Korean Zombie,https://en.wikipedia.org/wiki/UFC_163,"Aug 3, 2013",HSBC Arena,"Rio de Janeiro, Brazil","13,873",[281]
241,UFC on Fox: Johnson vs. Moraga,https://en.wikipedia.org/wiki/UFC_on_Fox:_Johnson_vs._Moraga,"Jul 27, 2013",KeyArena,"Seattle, Washington, U.S.","8,967",[282]
240,UFC 162: Silva vs. Weidman,https://en.wikipedia.org/wiki/UFC_162,"Jul 6, 2013",MGM Grand Garden Arena,"Las Vegas, Nevada, U.S.","12,964",[283]
239,UFC 161: Evans vs. Henderson,https://en.wikipedia.org/wiki/UFC_161,"Jun 15, 2013",MTS Centre,"Winnipeg, Manitoba, Canada","14,754",[284]
238,UFC on Fuel TV: Nogueira vs. Werdum,https://en.wikipedia.org/wiki/The_Ultimate_Fighter:_Brazil_2#The_Ultimate_Fighter:_Brazil_2_Finale,"Jun 8, 2013",Ginásio Paulo Sarasate,"Fortaleza, Brazil","6,286",[285]
237,UFC 160: Velasquez vs. Bigfoot 2,https://en.wikipedia.org/wiki/UFC_160,"May 25, 2013",MGM Grand Garden Arena,"Las Vegas, Nevada, U.S.","12,380",[286]
236,UFC on FX: Belfort vs. Rockhold,https://en.wikipedia.org/wiki/UFC_on_FX:_Belfort_vs._Rockhold,"May 18, 2013",Arena Jaraguá,"Jaraguá do Sul, Brazil","7,642",[287]
235,UFC 159: Jones vs. Sonnen,https://en.wikipedia.org/wiki/UFC_159,"Apr 27, 2013",Prudential Center,"Newark, New Jersey, U.S.","15,227",[288]
234,UFC on Fox: Henderson vs. Melendez,https://en.wikipedia.org/wiki/UFC_on_Fox:_Henderson_vs._Melendez,"Apr 20, 2013",HP Pavilion,"San Jose, California, U.S.","13,506",[289]
233,The Ultimate Fighter: Team Jones vs. Team Sonnen Finale,https://en.wikipedia.org/wiki/The_Ultimate_Fighter:_Team_Jones_vs._Team_Sonnen#The_Ultimate_Fighter_17_Finale,"Apr 13, 2013",Mandalay Bay Events Center,"Las Vegas, Nevada, U.S.","5,918",[290]
232,UFC on Fuel TV: Mousasi vs. Latifi,https://en.wikipedia.org/wiki/UFC_on_Fuel_TV:_Mousasi_vs._Latifi,"Apr 6, 2013",Ericsson Globe Arena,"Stockholm, Sweden","14,506",[291]
231,UFC 158: St-Pierre vs. Diaz,https://en.wikipedia.org/wiki/UFC_158,"Mar 16, 2013",Bell Centre,"Montreal, Quebec, Canada","20,145",[292]
230,UFC on Fuel TV: Silva vs. Stann,https://en.wikipedia.org/wiki/UFC_on_Fuel_TV:_Silva_vs._Stann,"Mar 3, 2013",Saitama Super Arena,"Saitama, Japan","14,682",[293]
229,UFC 157: Rousey vs. Carmouche,https://en.wikipedia.org/wiki/UFC_157,"Feb 23, 2013",Honda Center,"Anaheim, California, U.S.","13,257",[294]
228,UFC on Fuel TV: Barão vs. McDonald,https://en.wikipedia.org/wiki/UFC_on_Fuel_TV:_Bar%C3%A3o_vs._McDonald,"Feb 16, 2013",Wembley Arena,"London, England, U.K.","10,349",[295]
227,UFC 156: Aldo vs. Edgar,https://en.wikipedia.org/wiki/UFC_156,"Feb 2, 2013",Mandalay Bay Events Center,"Las Vegas, Nevada, U.S.","10,275",[296]
226,UFC on Fox: Johnson vs. Dodson,https://en.wikipedia.org/wiki/UFC_on_Fox:_Johnson_vs._Dodson,"Jan 26, 2013",United Center,"Chicago, Illinois, U.S.","16,091",[297]
225,UFC on FX: Belfort vs. Bisping,https://en.wikipedia.org/wiki/UFC_on_FX:_Belfort_vs._Bisping,"Jan 19, 2013",Ginásio do Ibirapuera,"São Paulo, Brazil","9,116",[298]
224,UFC 155: dos Santos vs. Velasquez 2,https://en.wikipedia.org/wiki/UFC_155,"Dec 29, 2012",MGM Grand Garden Arena,"Las Vegas, Nevada, U.S.","13,561",[299]
223,The Ultimate Fighter: Team Carwin vs. Team Nelson Finale,https://en.wikipedia.org/wiki/The_Ultimate_Fighter:_Team_Carwin_vs._Team_Nelson#The_Ultimate_Fighter_16_Finale,"Dec 15, 2012",Hard Rock Hotel and Casino,"Las Vegas, Nevada, U.S.","2,500",[300]
222,UFC on FX: Sotiropoulos vs. Pearson,https://en.wikipedia.org/wiki/The_Ultimate_Fighter:_The_Smashes#The_Ultimate_Fighter:_The_Smashes_Finale,"Dec 15, 2012",Gold Coast Convention and Exhibition Centre,"Gold Coast, Australia","5,133",[301]
221,UFC on Fox: Henderson vs. Diaz,https://en.wikipedia.org/wiki/UFC_on_Fox:_Henderson_vs._Diaz,"Dec 8, 2012",KeyArena,"Seattle, Washington, U.S.","14,387",[302]
220,UFC 154: St-Pierre vs. Condit,https://en.wikipedia.org/wiki/UFC_154,"Nov 17, 2012",Bell Centre,"Montreal, Quebec, Canada","17,249",[303]
219,UFC on Fuel TV: Franklin vs. Le,https://en.wikipedia.org/wiki/UFC_on_Fuel_TV:_Franklin_vs._Le,"Nov 10, 2012",CotaiArena,"Macau, SAR, China","8,415",[304]
218,UFC 153: Silva vs. Bonnar,https://en.wikipedia.org/wiki/UFC_153,"Oct 13, 2012",HSBC Arena,"Rio de Janeiro, Brazil","16,844",[305]
217,UFC on FX: Browne vs. Bigfoot,https://en.wikipedia.org/wiki/UFC_on_FX:_Browne_vs._Bigfoot,"Oct 5, 2012",Target Center,"Minneapolis, Minnesota, U.S.","7,049",[306]
216,UFC on Fuel TV: Struve vs. Miocic,https://en.wikipedia.org/wiki/UFC_on_Fuel_TV:_Struve_vs._Miocic,"Sep 29, 2012",Capital FM Arena,"Nottingham, England, U.K.","7,241",[307]
215,UFC 152: Jones vs. Belfort,https://en.wikipedia.org/wiki/UFC_152,"Sep 22, 2012",Air Canada Centre,"Toronto, Ontario, Canada","16,800",[308]
–,UFC 151: Jones vs. Henderson,https://en.wikipedia.org/wiki/UFC_151,"Sep 1, 2012",Mandalay Bay Events Center,"Las Vegas, Nevada, U.S.",Cancelled,
214,UFC 150: Henderson vs. Edgar II,https://en.wikipedia.org/wiki/UFC_150,"Aug 11, 2012",Pepsi Center,"Denver, Colorado, U.S.","13,027",[309]
213,UFC on Fox: Shogun vs. Vera,https://en.wikipedia.org/wiki/UFC_on_Fox:_Shogun_vs._Vera,"Aug 4, 2012",Staples Center,"Los Angeles, California, U.S.","16,080",[310]
212,UFC 149: Faber vs. Barão,https://en.wikipedia.org/wiki/2012_in_UFC#UFC_149:_Faber_vs._Barão,"Jul 21, 2012",Scotiabank Saddledome,"Calgary, Alberta, Canada","16,089",[311]
211,UFC on Fuel TV: Muñoz vs. Weidman,https://en.wikipedia.org/wiki/UFC_on_Fuel_TV:_Mu%C3%B1oz_vs._Weidman,"Jul 11, 2012",HP Pavilion,"San Jose, California, U.S.","4,250",[312]
210,UFC 148: Silva vs. Sonnen II,https://en.wikipedia.org/wiki/UFC_148,"Jul 7, 2012",MGM Grand Garden Arena,"Las Vegas, Nevada, U.S.","15,104",[313]
209,UFC 147: Silva vs. Franklin II,https://en.wikipedia.org/wiki/UFC_147,"Jun 23, 2012",Mineirinho Arena,"Belo Horizonte, Brazil","16,643",[314]
208,UFC on FX: Maynard vs. Guida,https://en.wikipedia.org/wiki/UFC_on_FX:_Maynard_vs._Guida,"Jun 22, 2012",Revel Casino Hotel,"Atlantic City, New Jersey, U.S.","4,652",[315]
207,UFC on FX: Johnson vs. McCall,https://en.wikipedia.org/wiki/UFC_on_FX:_Johnson_vs._McCall,"Jun 8, 2012",BankAtlantic Center,"Sunrise, Florida, U.S.","6,635",[316]
206,The Ultimate Fighter: Live Finale,https://en.wikipedia.org/wiki/The_Ultimate_Fighter:_Live#The_Ultimate_Fighter_15_Finale,"Jun 1, 2012",Palms Casino Resort,"Las Vegas, Nevada, U.S.","1,628",[317]
205,UFC 146: dos Santos vs. Mir,https://en.wikipedia.org/wiki/UFC_146,"May 26, 2012",MGM Grand Garden Arena,"Las Vegas, Nevada, U.S.","14,674",[318]
204,UFC on Fuel TV: The Korean Zombie vs. Poirier,https://en.wikipedia.org/wiki/2012_in_UFC#UFC_on_Fuel_TV:_The_Korean_Zombie_vs._Poirier,"May 15, 2012",Patriot Center,"Fairfax, Virginia, U.S.","6,668",[319]
203,UFC on Fox: Diaz vs. Miller,https://en.wikipedia.org/wiki/UFC_on_Fox:_Diaz_vs._Miller,"May 5, 2012",IZOD Center,"East Rutherford, New Jersey, U.S.","10,788",[320]
202,UFC 145: Jones vs. Evans,https://en.wikipedia.org/wiki/UFC_145,"Apr 21, 2012",Philips Arena,"Atlanta, Georgia, U.S.","15,545",[321]
201,UFC on Fuel TV: Gustafsson vs. Silva,https://en.wikipedia.org/wiki/UFC_on_Fuel_TV:_Gustafsson_vs._Silva,"Apr 14, 2012",Ericsson Globe Arena,"Stockholm, Sweden","15,428",[322]
200,UFC on FX: Alves vs. Kampmann,https://en.wikipedia.org/wiki/UFC_on_FX:_Alves_vs._Kampmann,"Mar 3, 2012",Allphones Arena,"Sydney, Australia","14,537",[323]
199,UFC 144: Edgar vs. Henderson,https://en.wikipedia.org/wiki/UFC_144,"Feb 26, 2012",Saitama Super Arena,"Saitama, Japan","21,000",[324]
198,UFC on Fuel TV: Sanchez vs. Ellenberger,https://en.wikipedia.org/wiki/UFC_on_Fuel_TV:_Sanchez_vs._Ellenberger,"Feb 15, 2012",Omaha Civic Auditorium,"Omaha, Nebraska, U.S.","6,283",[325]
197,UFC 143: Diaz vs. Condit,https://en.wikipedia.org/wiki/UFC_143,"Feb 4, 2012",Mandalay Bay Events Center,"Las Vegas, Nevada, U.S.","9,015",[326]
196,UFC on Fox: Evans vs. Davis,https://en.wikipedia.org/wiki/UFC_on_Fox:_Evans_vs._Davis,"Jan 28, 2012",United Center,"Chicago, Illinois, U.S.","16,963",[327]
195,UFC on FX: Guillard vs. Miller,https://en.wikipedia.org/wiki/UFC_on_FX:_Guillard_vs._Miller,"Jan 20, 2012",Bridgestone Arena,"Nashville, Tennessee, U.S.","7,728",[328]
194,UFC 142: Aldo vs. Mendes,https://en.wikipedia.org/wiki/UFC_142,"Jan 14, 2012",HSBC Arena,"Rio de Janeiro, Brazil","10,605",[329]
193,UFC 141: Lesnar vs. Overeem,https://en.wikipedia.org/wiki/UFC_141,"Dec 30, 2011",MGM Grand Garden Arena,"Las Vegas, Nevada, U.S.","13,793",[330]
192,UFC 140: Jones vs. Machida,https://en.wikipedia.org/wiki/UFC_140,"Dec 10, 2011",Air Canada Centre,"Toronto, Ontario, Canada","18,303",[331]
191,The Ultimate Fighter: Team Bisping vs. Team Miller Finale,https://en.wikipedia.org/wiki/The_Ultimate_Fighter:_Team_Bisping_vs._Team_Miller_Finale,"Dec 3, 2011",Palms Casino Resort,"Las Vegas, Nevada, U.S.","1,909",[332]
190,UFC 139: Shogun vs. Henderson,https://en.wikipedia.org/wiki/UFC_139,"Nov 19, 2011",HP Pavilion,"San Jose, California, U.S.","13,832",[333]
189,UFC on Fox: Velasquez vs. dos Santos,https://en.wikipedia.org/wiki/UFC_on_Fox:_Velasquez_vs._dos_Santos,"Nov 12, 2011",Honda Center,"Anaheim, California, U.S.","11,607",[334]
188,UFC 138: Leben vs. Muñoz,https://en.wikipedia.org/wiki/UFC_138,"Nov 5, 2011",LG Arena,"Birmingham, England, U.K.","10,823",[335]
187,UFC 137: Penn vs. Diaz,https://en.wikipedia.org/wiki/UFC_137,"Oct 29, 2011",Mandalay Bay Events Center,"Las Vegas, Nevada, U.S.","10,313",[336]
186,UFC 136: Edgar vs. Maynard III,https://en.wikipedia.org/wiki/UFC_136,"Oct 8, 2011",Toyota Center,"Houston, Texas, U.S.","16,164",[337]
185,UFC Live: Cruz vs. Johnson,https://en.wikipedia.org/wiki/UFC_Live:_Cruz_vs._Johnson,"Oct 1, 2011",Verizon Center,"Washington, D.C., U.S.","9,380",[338]
184,UFC 135: Jones vs. Rampage,https://en.wikipedia.org/wiki/UFC_135,"Sep 24, 2011",Pepsi Center,"Denver, Colorado, U.S.","16,344",[339]
183,UFC Fight Night: Shields vs. Ellenberger,https://en.wikipedia.org/wiki/UFC_Fight_Night:_Shields_vs._Ellenberger,"Sep 17, 2011",Ernest N. Morial Convention Center,"New Orleans, Louisiana, U.S.","7,112",[340]
182,UFC 134: Silva vs. Okami,https://en.wikipedia.org/wiki/UFC_134,"Aug 27, 2011",HSBC Arena,"Rio de Janeiro, Brazil","14,000",[341]
181,UFC Live: Hardy vs. Lytle,https://en.wikipedia.org/wiki/UFC_Live:_Hardy_vs._Lytle,"Aug 14, 2011",Bradley Center,"Milwaukee, Wisconsin, U.S.","6,751",[342]
180,UFC 133: Evans vs. Ortiz,https://en.wikipedia.org/wiki/UFC_133,"Aug 6, 2011",Wells Fargo Center,"Philadelphia, Pennsylvania, U.S.","11,583",[343]
179,UFC 132: Cruz vs. Faber,https://en.wikipedia.org/wiki/UFC_132,"Jul 2, 2011",MGM Grand Garden Arena,"Las Vegas, Nevada, U.S.","13,109",[344]
178,UFC Live: Kongo vs. Barry,https://en.wikipedia.org/wiki/UFC_Live:_Kongo_vs._Barry,"Jun 26, 2011",Consol Energy Center,"Pittsburgh, Pennsylvania, U.S.","7,792",[345]
177,UFC 131: dos Santos vs. Carwin,https://en.wikipedia.org/wiki/UFC_131,"Jun 11, 2011",Rogers Arena,"Vancouver, British Columbia, Canada","14,685",[346]
176,The Ultimate Fighter: Team Lesnar vs. Team dos Santos Finale,https://en.wikipedia.org/wiki/The_Ultimate_Fighter:_Team_Lesnar_vs._Team_dos_Santos_Finale,"Jun 4, 2011",Palms Casino Resort,"Las Vegas, Nevada, U.S.","2,053",[347]
175,UFC 130: Rampage vs. Hamill,https://en.wikipedia.org/wiki/UFC_130,"May 28, 2011",MGM Grand Garden Arena,"Las Vegas, Nevada, U.S.","12,753",[348]
174,UFC 129: St-Pierre vs. Shields,https://en.wikipedia.org/wiki/UFC_129,"Apr 30, 2011",Rogers Centre,"Toronto, Ontario, Canada","55,724",[349]
173,UFC Fight Night: Nogueira vs. Davis,https://en.wikipedia.org/wiki/UFC_Fight_Night:_Nogueira_vs._Davis,"Mar 26, 2011",KeyArena,"Seattle, Washington, U.S.","13,741",[350]
172,UFC 128: Shogun vs. Jones,https://en.wikipedia.org/wiki/UFC_128,"Mar 19, 2011",Prudential Center,"Newark, New Jersey, U.S.","12,619",[351]
171,UFC Live: Sanchez vs. Kampmann,https://en.wikipedia.org/wiki/UFC_Live:_Sanchez_vs._Kampmann,"Mar 3, 2011",KFC Yum! Center,"Louisville, Kentucky, U.S.","8,319",[352]
170,UFC 127: Penn vs. Fitch,https://en.wikipedia.org/wiki/UFC_127,"Feb 27, 2011",Acer Arena,"Sydney, Australia","18,186",[353]
169,UFC 126: Silva vs. Belfort,https://en.wikipedia.org/wiki/UFC_126,"Feb 5, 2011",Mandalay Bay Events Center,"Las Vegas, Nevada, U.S.","10,893",[354]
168,UFC: Fight for the Troops 2,https://en.wikipedia.org/wiki/UFC:_Fight_for_the_Troops_2,"Jan 22, 2011",Fort Hood,"Fort Hood, Texas, U.S.","3,200",[355]
167,UFC 125: Resolution,https://en.wikipedia.org/wiki/UFC_125,"Jan 1, 2011",MGM Grand Garden Arena,"Las Vegas, Nevada, U.S.","12,874",[356]
166,UFC 124: St-Pierre vs. Koscheck 2,https://en.wikipedia.org/wiki/UFC_124,"Dec 11, 2010",Bell Centre,"Montreal, Quebec, Canada","23,152",[357]
165,The Ultimate Fighter: Team GSP vs. Team Koscheck Finale,https://en.wikipedia.org/wiki/The_Ultimate_Fighter:_Team_GSP_vs._Team_Koscheck_Finale,"Dec 4, 2010",Palms Casino Resort,"Las Vegas, Nevada, U.S.","1,903",[358]
164,UFC 123: Rampage vs. Machida,https://en.wikipedia.org/wiki/UFC_123,"Nov 20, 2010",The Palace of Auburn Hills,"Auburn Hills, Michigan, U.S.","16,404",[359]
163,UFC 122: Marquardt vs. Okami,https://en.wikipedia.org/wiki/UFC_122,"Nov 13, 2010",König Pilsener Arena,"Oberhausen, Germany","8,421",[360]
162,UFC 121: Lesnar vs. Velasquez,https://en.wikipedia.org/wiki/UFC_121,"Oct 23, 2010",Honda Center,"Anaheim, California, U.S.","14,856",[361]
161,UFC 120: Bisping vs. Akiyama,https://en.wikipedia.org/wiki/UFC_120,"Oct 16, 2010",The O2 arena,"London, England, U.K.","17,133",[362]
160,UFC 119: Mir vs. Cro Cop,https://en.wikipedia.org/wiki/UFC_119,"Sep 25, 2010",Conseco Fieldhouse,"Indianapolis, Indiana, U.S.","15,811",[363]
159,UFC Fight Night: Marquardt vs. Palhares,https://en.wikipedia.org/wiki/UFC_Fight_Night:_Marquardt_vs._Palhares,"Sep 15, 2010",Frank Erwin Center,"Austin, Texas, U.S.","7,724",[364]
158,UFC 118: Edgar vs. Penn 2,https://en.wikipedia.org/wiki/UFC_118,"Aug 28, 2010",TD Garden,"Boston, Massachusetts, U.S.","14,168",[365]
157,UFC 117: Silva vs. Sonnen,https://en.wikipedia.org/wiki/UFC_117,"Aug 7, 2010",Oracle Arena,"Oakland, California, U.S.","12,971",[366]
156,UFC Live: Jones vs. Matyushenko,https://en.wikipedia.org/wiki/UFC_Live:_Jones_vs._Matyushenko,"Aug 1, 2010",San Diego Sports Arena,"San Diego, California, U.S.","8,132",[367]
155,UFC 116: Lesnar vs. Carwin,https://en.wikipedia.org/wiki/UFC_116,"Jul 3, 2010",MGM Grand Garden Arena,"Las Vegas, Nevada, U.S.","12,740",[368]
154,The Ultimate Fighter: Team Liddell vs. Team Ortiz Finale,https://en.wikipedia.org/wiki/The_Ultimate_Fighter:_Team_Liddell_vs._Team_Ortiz_Finale,"Jun 19, 2010",Palms Casino Resort,"Las Vegas, Nevada, U.S.","1,708",[369]
153,UFC 115: Liddell vs. Franklin,https://en.wikipedia.org/wiki/UFC_115,"Jun 12, 2010",General Motors Place,"Vancouver, British Columbia, Canada","17,669",[370]
152,UFC 114: Rampage vs. Evans,https://en.wikipedia.org/wiki/UFC_114,"May 29, 2010",MGM Grand Garden Arena,"Las Vegas, Nevada, U.S.","14,996",[371]
151,UFC 113: Machida vs. Shogun 2,https://en.wikipedia.org/wiki/UFC_113,"May 8, 2010",Bell Centre,"Montreal, Quebec, Canada","17,647",[372]
150,UFC 112: Invincible,https://en.wikipedia.org/wiki/UFC_112,"Apr 10, 2010",Yas Island,"Abu Dhabi, United Arab Emirates","11,008",[373]
149,UFC Fight Night: Florian vs. Gomi,https://en.wikipedia.org/wiki/UFC_Fight_Night:_Florian_vs._Gomi,"Mar 31, 2010",Bojangles Coliseum,"Charlotte, North Carolina, U.S.","7,700",[374]
148,UFC 111: St-Pierre vs. Hardy,https://en.wikipedia.org/wiki/UFC_111,"Mar 27, 2010",Prudential Center,"Newark, New Jersey, U.S.","17,000",[375]
147,UFC Live: Vera vs. Jones,https://en.wikipedia.org/wiki/UFC_Live:_Vera_vs._Jones,"Mar 21, 2010",1stBank Center,"Broomfield, Colorado, U.S.","6,443",[376]
146,UFC 110: Nogueira vs. Velasquez,https://en.wikipedia.org/wiki/UFC_110,"Feb 21, 2010",Acer Arena,"Sydney, Australia","17,831",[377]
145,UFC 109: Relentless,https://en.wikipedia.org/wiki/UFC_109,"Feb 6, 2010",Mandalay Bay Events Center,"Las Vegas, Nevada, U.S.","10,753",[378]
144,UFC Fight Night: Maynard vs. Diaz,https://en.wikipedia.org/wiki/UFC_Fight_Night:_Maynard_vs._Diaz,"Jan 11, 2010",Patriot Center,"Fairfax, Virginia, U.S.","8,078",[379]
143,UFC 108: Evans vs. Silva,https://en.wikipedia.org/wiki/UFC_108,"Jan 2, 2010",MGM Grand Garden Arena,"Las Vegas, Nevada, U.S.","13,529",[380]
142,UFC 107: Penn vs. Sanchez,https://en.wikipedia.org/wiki/UFC_107,"Dec 12, 2009",FedExForum,"Memphis, Tennessee, U.S.","13,896",[381]
141,The Ultimate Fighter: Heavyweights Finale,https://en.wikipedia.org/wiki/The_Ultimate_Fighter:_Heavyweights_Finale,"Dec 5, 2009",Palms Casino Resort,"Las Vegas, Nevada, U.S.","1,791",[382]
140,UFC 106: Ortiz vs. Griffin 2,https://en.wikipedia.org/wiki/UFC_106,"Nov 21, 2009",Mandalay Bay Events Center,"Las Vegas, Nevada, U.S.","10,529",[383]
139,UFC 105: Couture vs. Vera,https://en.wikipedia.org/wiki/UFC_105,"Nov 14, 2009",Manchester Evening News Arena,"Manchester, England, U.K.","16,693",[384]
138,UFC 104: Machida vs. Shogun,https://en.wikipedia.org/wiki/UFC_104,"Oct 24, 2009",Staples Center,"Los Angeles, California, U.S.","14,892",[385]
137,UFC 103: Franklin vs. Belfort,https://en.wikipedia.org/wiki/UFC_103,"Sep 19, 2009",American Airlines Center,"Dallas, Texas, U.S.","17,428",[386]
136,UFC Fight Night: Diaz vs. Guillard,https://en.wikipedia.org/wiki/UFC_Fight_Night:_Diaz_vs._Guillard,"Sep 16, 2009",Cox Convention Center,"Oklahoma City, Oklahoma, U.S.","9,490",[387]
135,UFC 102: Couture vs. Nogueira,https://en.wikipedia.org/wiki/UFC_102,"Aug 29, 2009",Rose Garden,"Portland, Oregon, U.S.","16,088",[388]
134,UFC 101: Declaration,https://en.wikipedia.org/wiki/UFC_101,"Aug 8, 2009",Wachovia Center,"Philadelphia, Pennsylvania, U.S.","17,411",[389]
133,UFC 100,https://en.wikipedia.org/wiki/UFC_100,"Jul 11, 2009",Mandalay Bay Events Center,"Las Vegas, Nevada, U.S.","10,871",[390]
132,The Ultimate Fighter: United States vs. United Kingdom Finale,https://en.wikipedia.org/wiki/The_Ultimate_Fighter:_United_States_vs._United_Kingdom_Finale,"Jun 20, 2009",Palms Casino Resort,"Las Vegas, Nevada, U.S.","2,217",[391]
131,UFC 99: The Comeback,https://en.wikipedia.org/wiki/UFC_99,"Jun 13, 2009",Lanxess Arena,"Cologne, Germany","12,854",[392]
130,UFC 98: Evans vs. Machida,https://en.wikipedia.org/wiki/UFC_98,"May 23, 2009",MGM Grand Garden Arena,"Las Vegas, Nevada, U.S.","12,606",[393]
129,UFC 97: Redemption,https://en.wikipedia.org/wiki/UFC_97,"Apr 18, 2009",Bell Centre,"Montreal, Quebec, Canada","21,451",[394]
128,UFC Fight Night: Condit vs. Kampmann,https://en.wikipedia.org/wiki/UFC_Fight_Night:_Condit_vs._Kampmann,"Apr 1, 2009",Sommet Center,"Nashville, Tennessee, U.S.","10,267",[395]
127,UFC 96: Jackson vs. Jardine,https://en.wikipedia.org/wiki/UFC_96,"Mar 7, 2009",Nationwide Arena,"Columbus, Ohio, U.S.","17,033",[396]
126,UFC 95: Sanchez vs. Stevenson,https://en.wikipedia.org/wiki/UFC_95,"Feb 21, 2009",The O2 arena,"London, England, U.K.","13,268",[397]
125,UFC Fight Night: Lauzon vs. Stephens,https://en.wikipedia.org/wiki/UFC_Fight_Night:_Lauzon_vs._Stephens,"Feb 7, 2009",USF Sun Dome,"Tampa, Florida, U.S.","7,596",[398]
124,UFC 94: St-Pierre vs. Penn 2,https://en.wikipedia.org/wiki/UFC_94,"Jan 31, 2009",MGM Grand Garden Arena,"Las Vegas, Nevada, U.S.","14,885",[399]
123,UFC 93: Franklin vs. Henderson,https://en.wikipedia.org/wiki/UFC_93,"Jan 17, 2009",The O2,"Dublin, Ireland","9,369",[400]
122,UFC 92: The Ultimate 2008,https://en.wikipedia.org/wiki/UFC_92,"Dec 27, 2008",MGM Grand Garden Arena,"Las Vegas, Nevada, U.S.","14,166",[401]
121,The Ultimate Fighter: Team Nogueira vs. Team Mir Finale,https://en.wikipedia.org/wiki/The_Ultimate_Fighter:_Team_Nogueira_vs._Team_Mir_Finale,"Dec 13, 2008",Palms Casino Resort,"Las Vegas, Nevada, U.S.","1,853",[402]
120,UFC: Fight for the Troops,https://en.wikipedia.org/wiki/UFC:_Fight_for_the_Troops,"Dec 10, 2008",Crown Coliseum,"Fayetteville, North Carolina, U.S.","8,500",[403]
119,UFC 91: Couture vs. Lesnar,https://en.wikipedia.org/wiki/UFC_91,"Nov 15, 2008",MGM Grand Garden Arena,"Las Vegas, Nevada, U.S.","14,272",[404]
118,UFC 90: Silva vs. Côté,https://en.wikipedia.org/wiki/UFC_90,"Oct 25, 2008",Allstate Arena,"Rosemont, Illinois, U.S.","15,359",[405]
117,UFC 89: Bisping vs. Leben,https://en.wikipedia.org/wiki/UFC_89,"Oct 18, 2008",National Indoor Arena,"Birmingham, England, U.K.","9,515",[406]
116,UFC Fight Night: Diaz vs. Neer,https://en.wikipedia.org/wiki/UFC_Fight_Night:_Diaz_vs._Neer,"Sep 17, 2008",Omaha Civic Auditorium,"Omaha, Nebraska, U.S.","9,103",[407]
115,UFC 88: Breakthrough,https://en.wikipedia.org/wiki/UFC_88,"Sep 6, 2008",Philips Arena,"Atlanta, Georgia, U.S.","14,736",[408]
114,UFC 87: Seek and Destroy,https://en.wikipedia.org/wiki/UFC_87,"Aug 9, 2008",Target Center,"Minneapolis, Minnesota, U.S.","15,087",[409]
113,UFC Fight Night: Silva vs. Irvin,https://en.wikipedia.org/wiki/UFC_Fight_Night:_Silva_vs._Irvin,"Jul 19, 2008",Palms Casino Resort,"Las Vegas, Nevada, U.S.","2,071",[410]
112,UFC 86: Jackson vs. Griffin,https://en.wikipedia.org/wiki/UFC_86,"Jul 5, 2008",Mandalay Bay Events Center,"Las Vegas, Nevada, U.S.","10,990",[411]
111,The Ultimate Fighter: Team Rampage vs. Team Forrest Finale,https://en.wikipedia.org/wiki/The_Ultimate_Fighter:_Team_Rampage_vs._Team_Forrest_Finale,"Jun 21, 2008",Palms Casino Resort,"Las Vegas, Nevada, U.S.","1,853",[411]
110,UFC 85: Bedlam,https://en.wikipedia.org/wiki/UFC_85,"Jun 7, 2008",The O2 arena,"London, England, U.K.","15,327",[412]
109,UFC 84: Ill Will,https://en.wikipedia.org/wiki/UFC_84,"May 24, 2008",MGM Grand Garden Arena,"Las Vegas, Nevada, U.S.","14,773",[413]
108,UFC 83: Serra vs. St-Pierre 2,https://en.wikipedia.org/wiki/UFC_83,"Apr 19, 2008",Bell Centre,"Montreal, Quebec, Canada","21,390",[362]
107,UFC Fight Night: Florian vs. Lauzon,https://en.wikipedia.org/wiki/UFC_Fight_Night:_Florian_vs._Lauzon,"Apr 2, 2008",Broomfield Event Center,"Broomfield, Colorado, U.S.","6,742",[414]
106,UFC 82: Pride of a Champion,https://en.wikipedia.org/wiki/UFC_82,"Mar 1, 2008",Nationwide Arena,"Columbus, Ohio, U.S.","16,431",[415]
105,UFC 81: Breaking Point,https://en.wikipedia.org/wiki/UFC_81,"Feb 2, 2008",Mandalay Bay Events Center,"Las Vegas, Nevada, U.S.","10,583",[416]
104,UFC Fight Night: Swick vs. Burkman,https://en.wikipedia.org/wiki/UFC_Fight_Night:_Swick_vs._Burkman,"Jan 23, 2008",Palms Casino Resort,"Las Vegas, Nevada, U.S.","1,900",[403]
103,UFC 80: Rapid Fire,https://en.wikipedia.org/wiki/UFC_80,"Jan 19, 2008",Metro Radio Arena,"Newcastle upon Tyne, England, U.K.","8,412",[403]
102,UFC 79: Nemesis,https://en.wikipedia.org/wiki/UFC_79,"Dec 29, 2007",Mandalay Bay Events Center,"Las Vegas, Nevada, U.S.","11,075",[417]
101,The Ultimate Fighter: Team Hughes vs. Team Serra Finale,https://en.wikipedia.org/wiki/The_Ultimate_Fighter:_Team_Hughes_vs._Team_Serra_Finale,"Dec 8, 2007",Palms Casino Resort,"Las Vegas, Nevada, U.S.",N/A,
100,UFC 78: Validation,https://en.wikipedia.org/wiki/UFC_78,"Nov 17, 2007",Prudential Center,"Newark, New Jersey, U.S.","14,071",[418]
099,UFC 77: Hostile Territory,https://en.wikipedia.org/wiki/UFC_77,"Oct 20, 2007",U.S. Bank Arena,"Cincinnati, Ohio, U.S.","16,054",[419]
098,UFC 76: Knockout,https://en.wikipedia.org/wiki/UFC_76,"Sep 22, 2007",Honda Center,"Anaheim, California, U.S.","13,770",[420]
097,UFC Fight Night: Thomas vs. Florian,https://en.wikipedia.org/wiki/UFC_Fight_Night:_Thomas_vs._Florian,"Sep 19, 2007",Palms Casino Resort,"Las Vegas, Nevada, U.S.",N/A,
096,UFC 75: Champion vs. Champion,https://en.wikipedia.org/wiki/UFC_75,"Sep 8, 2007",The O2 arena,"London, England, U.K.","16,235",[421]
095,UFC 74: Respect,https://en.wikipedia.org/wiki/UFC_74,"Aug 25, 2007",Mandalay Bay Events Center,"Las Vegas, Nevada, U.S.","11,065",[403]
094,UFC 73: Stacked,https://en.wikipedia.org/wiki/UFC_73,"Jul 7, 2007",ARCO Arena,"Sacramento, California, U.S.","13,183",[422]
093,The Ultimate Fighter: Team Pulver vs. Team Penn Finale,https://en.wikipedia.org/wiki/The_Ultimate_Fighter_5_Finale,"Jun 23, 2007",Palms Casino Resort,"Las Vegas, Nevada, U.S.",N/A,
092,UFC 72: Victory,https://en.wikipedia.org/wiki/UFC_72,"Jun 16, 2007",The Odyssey,"Belfast, Northern Ireland, U.K.","7,850",[423]
091,UFC Fight Night: Stout vs. Fisher,https://en.wikipedia.org/wiki/UFC_Fight_Night:_Stout_vs._Fisher,"Jun 12, 2007",Seminole Hard Rock Hotel and Casino,"Hollywood, Florida, U.S.",N/A,
090,UFC 71: Liddell vs. Jackson,https://en.wikipedia.org/wiki/UFC_71,"May 26, 2007",MGM Grand Garden Arena,"Las Vegas, Nevada, U.S.","14,728",[424]
089,UFC 70: Nations Collide,https://en.wikipedia.org/wiki/UFC_70,"Apr 21, 2007",Manchester Evening News Arena,"Manchester, England, U.K.","15,114",[421]
088,UFC 69: Shootout,https://en.wikipedia.org/wiki/UFC_69,"Apr 7, 2007",Toyota Center,"Houston, Texas, U.S.","15,269",[403]
087,UFC Fight Night: Stevenson vs. Guillard,https://en.wikipedia.org/wiki/UFC_Fight_Night:_Stevenson_vs._Guillard#UFC_Fight_Night:_Stevenson_vs._Guillard,"Apr 5, 2007",Palms Casino Resort,"Las Vegas, Nevada, U.S.","1,734",[403]
086,UFC 68: The Uprising,https://en.wikipedia.org/wiki/UFC_68,"Mar 3, 2007",Nationwide Arena,"Columbus, Ohio, U.S.","19,079",[425]
085,UFC 67: All or Nothing,https://en.wikipedia.org/wiki/UFC_67,"Feb 3, 2007",Mandalay Bay Events Center,"Las Vegas, Nevada, U.S.","10,787",[403]
084,UFC Fight Night: Evans vs. Salmon,https://en.wikipedia.org/wiki/UFC_Fight_Night:_Evans_vs._Salmon,"Jan 25, 2007",Seminole Hard Rock Hotel and Casino,"Hollywood, Florida, U.S.","5,287",[403]
083,UFC 66: Liddell vs. Ortiz,https://en.wikipedia.org/wiki/UFC_66,"Dec 30, 2006",MGM Grand Garden Arena,"Las Vegas, Nevada, U.S.","13,671",[426]
082,UFC Fight Night: Sanchez vs. Riggs,https://en.wikipedia.org/wiki/UFC_Fight_Night:_Sanchez_vs._Riggs,"Dec 13, 2006",Marine Corps Air Station Miramar,"San Diego, California, U.S.","3,000",[403]
081,UFC 65: Bad Intentions,https://en.wikipedia.org/wiki/UFC_65,"Nov 18, 2006",ARCO Arena,"Sacramento, California, U.S.","14,666",[426]
080,The Ultimate Fighter: The Comeback Finale,https://en.wikipedia.org/wiki/The_Ultimate_Fighter_4_Finale,"Nov 11, 2006",Hard Rock Hotel and Casino,"Las Vegas, Nevada, U.S.","1,000",[403]
079,UFC 64: Unstoppable,https://en.wikipedia.org/wiki/UFC_64,"Oct 14, 2006",Mandalay Bay Events Center,"Las Vegas, Nevada, U.S.","10,173",[403]
078,UFC Fight Night 6.5,https://en.wikipedia.org/wiki/Ortiz_vs._Shamrock_3:_The_Final_Chapter,"Oct 10, 2006",Seminole Hard Rock Hotel and Casino,"Hollywood, Florida, U.S.","3,510",[403]
077,UFC 63: Hughes vs. Penn,https://en.wikipedia.org/wiki/UFC_63,"Sep 23, 2006",Arrowhead Pond of Anaheim,"Anaheim, California, U.S.","12,604",[427]
076,UFC 62: Liddell vs. Sobral,https://en.wikipedia.org/wiki/UFC_62,"Aug 26, 2006",Mandalay Bay Events Center,"Las Vegas, Nevada, U.S.","10,503",[403]
075,UFC Fight Night 6,https://en.wikipedia.org/wiki/UFC_Fight_Night:_Sanchez_vs._Parisyan,"Aug 17, 2006",Red Rock Resort Spa and Casino,"Summerlin, Nevada, U.S.","1,412",[403]
074,UFC 61: Bitter Rivals,https://en.wikipedia.org/wiki/UFC_61,"Jul 8, 2006",Mandalay Bay Events Center,"Las Vegas, Nevada, U.S.","11,167",[403]
073,UFC Ultimate Fight Night 5,https://en.wikipedia.org/wiki/UFC_Ultimate_Fight_Night_5,"Jun 28, 2006",Hard Rock Hotel and Casino,"Las Vegas, Nevada, U.S.",606,[428]
072,The Ultimate Fighter: Team Ortiz vs. Team Shamrock Finale,https://en.wikipedia.org/wiki/The_Ultimate_Fighter_3_Finale,"Jun 24, 2006",Hard Rock Hotel and Casino,"Las Vegas, Nevada, U.S.",849,[428]
071,UFC 60: Hughes vs. Gracie,https://en.wikipedia.org/wiki/UFC_60,"May 27, 2006",Staples Center,"Los Angeles, California, U.S.","14,765",[426]
070,UFC 59: Reality Check,https://en.wikipedia.org/wiki/UFC_59,"Apr 15, 2006",Arrowhead Pond of Anaheim,"Anaheim, California, U.S.","13,814",[428]
069,UFC Ultimate Fight Night 4,https://en.wikipedia.org/wiki/UFC_Ultimate_Fight_Night_4,"Apr 6, 2006",Hard Rock Hotel and Casino,"Las Vegas, Nevada, U.S.",843,[428]
068,UFC 58: USA vs. Canada,https://en.wikipedia.org/wiki/UFC_58,"Mar 4, 2006",Mandalay Bay Events Center,"Las Vegas, Nevada, U.S.","9,569",[428]
067,UFC 57: Liddell vs. Couture 3,https://en.wikipedia.org/wiki/UFC_57,"Feb 4, 2006",Mandalay Bay Events Center,"Las Vegas, Nevada, U.S.","10,659",[428]
066,UFC Ultimate Fight Night 3,https://en.wikipedia.org/wiki/UFC_Ultimate_Fight_Night_3,"Jan 16, 2006",Hard Rock Hotel and Casino,"Las Vegas, Nevada, U.S.","1,008",[428]
065,UFC 56: Full Force,https://en.wikipedia.org/wiki/UFC_56,"Nov 19, 2005",MGM Grand Garden Arena,"Las Vegas, Nevada, U.S.","12,000",[424]
064,The Ultimate Fighter: Team Hughes vs. Team Franklin Finale,https://en.wikipedia.org/wiki/The_Ultimate_Fighter_2_Finale,"Nov 5, 2005",Hard Rock Hotel and Casino,"Las Vegas, Nevada, U.S.",N/A,
063,UFC 55: Fury,https://en.wikipedia.org/wiki/UFC_55,"Oct 7, 2005",Mohegan Sun Arena,"Uncasville, Connecticut, U.S.","8,000",[429]
062,UFC Ultimate Fight Night 2,https://en.wikipedia.org/wiki/UFC_Ultimate_Fight_Night_2,"Oct 3, 2005",Hard Rock Hotel and Casino,"Las Vegas, Nevada, U.S.",N/A,
061,UFC 54: Boiling Point,https://en.wikipedia.org/wiki/UFC_54,"Aug 20, 2005",MGM Grand Garden Arena,"Las Vegas, Nevada, U.S.","13,520",[424]
060,UFC Ultimate Fight Night,https://en.wikipedia.org/wiki/Cox_Pavilion,"Aug 6, 2005",Cox Pavilion,"Las Vegas, Nevada, U.S.",N/A,
059,UFC 53: Heavy Hitters,https://en.wikipedia.org/wiki/UFC_53,"Jun 4, 2005",Boardwalk Hall,"Atlantic City, New Jersey, U.S.","12,000",[430]
058,UFC 52: Couture vs. Liddell,https://en.wikipedia.org/wiki/UFC_52,"Apr 16, 2005",MGM Grand Garden Arena,"Las Vegas, Nevada, U.S.","14,562",[424]
057,The Ultimate Fighter: Team Couture vs. Team Liddell Finale,https://en.wikipedia.org/wiki/The_Ultimate_Fighter_1_Finale,"Apr 9, 2005",Cox Pavilion,"Las Vegas, Nevada, U.S.",N/A,
056,UFC 51: Super Saturday,https://en.wikipedia.org/wiki/UFC_51,"Feb 5, 2005",Mandalay Bay Events Center,"Las Vegas, Nevada, U.S.","11,072",[431]
055,UFC 50: The War of '04,https://en.wikipedia.org/wiki/UFC_50,"Oct 22, 2004",Boardwalk Hall,"Atlantic City, New Jersey, U.S.","9,000",[432]
054,UFC 49: Unfinished Business,https://en.wikipedia.org/wiki/UFC_49,"Aug 21, 2004",MGM Grand Garden Arena,"Las Vegas, Nevada, U.S.","12,100",[424]
053,UFC 48: Payback,https://en.wikipedia.org/wiki/UFC_48,"Jun 19, 2004",Mandalay Bay Events Center,"Las Vegas, Nevada, U.S.","10,000",[433]
052,UFC 47: It's On!,https://en.wikipedia.org/wiki/UFC_47,"Apr 2, 2004",Mandalay Bay Events Center,"Las Vegas, Nevada, U.S.","11,437",[434]
051,UFC 46: Supernatural,https://en.wikipedia.org/wiki/UFC_46,"Jan 31, 2004",Mandalay Bay Events Center,"Las Vegas, Nevada, U.S.","10,700",[435]
050,UFC 45: Revolution,https://en.wikipedia.org/wiki/UFC_45,"Nov 21, 2003",Mohegan Sun Arena,"Uncasville, Connecticut, U.S.","9,200",[436]
049,UFC 44: Undisputed,https://en.wikipedia.org/wiki/UFC_44,"Sep 26, 2003",Mandalay Bay Events Center,"Las Vegas, Nevada, U.S.","10,400",[437]
048,UFC 43: Meltdown,https://en.wikipedia.org/wiki/UFC_43,"Jun 6, 2003",Thomas & Mack Center,"Las Vegas, Nevada, U.S.","9,800",[438]
047,UFC 42: Sudden Impact,https://en.wikipedia.org/wiki/UFC_42,"Apr 25, 2003",AmericanAirlines Arena,"Miami, Florida, U.S.","7,500",[439]
046,UFC 41: Onslaught,https://en.wikipedia.org/wiki/UFC_41,"Feb 28, 2003",Boardwalk Hall,"Atlantic City, New Jersey, U.S.","11,707",[440]
045,UFC 40: Vendetta,https://en.wikipedia.org/wiki/UFC_40,"Nov 22, 2002",MGM Grand Garden Arena,"Las Vegas, Nevada, U.S.","13,770",[424]
044,UFC 39: The Warriors Return,https://en.wikipedia.org/wiki/UFC_39,"Sep 27, 2002",Mohegan Sun Arena,"Uncasville, Connecticut, U.S.","7,800",[441]
043,UFC 38: Brawl at the Hall,https://en.wikipedia.org/wiki/UFC_38,"Jul 13, 2002",Royal Albert Hall,"London, England, U.K.","5,000",[442]
042,UFC 37.5: As Real As It Gets,https://en.wikipedia.org/wiki/UFC_37.5,"Jun 22, 2002",Bellagio,"Las Vegas, Nevada, U.S.","3,700",[443]
041,UFC 37: High Impact,https://en.wikipedia.org/wiki/UFC_37,"May 10, 2002",CenturyTel Center,"Bossier City, Louisiana, U.S.","7,200",[444]
040,UFC 36: Worlds Collide,https://en.wikipedia.org/wiki/UFC_36,"Mar 22, 2002",MGM Grand Garden Arena,"Las Vegas, Nevada, U.S.","10,000",[424]
039,UFC 35: Throwdown,https://en.wikipedia.org/wiki/UFC_35,"Jan 11, 2002",Mohegan Sun Arena,"Uncasville, Connecticut, U.S.","9,600",[445]
038,UFC 34: High Voltage,https://en.wikipedia.org/wiki/UFC_34,"Nov 2, 2001",MGM Grand Garden Arena,"Las Vegas, Nevada, U.S.","9,000",[424]
037,UFC 33: Victory in Vegas,https://en.wikipedia.org/wiki/UFC_33,"Sep 28, 2001",Mandalay Bay Events Center,"Las Vegas, Nevada, U.S.","9,500",[446]
036,UFC 32: Showdown in the Meadowlands,https://en.wikipedia.org/wiki/UFC_32,"Jun 29, 2001",Continental Airlines Arena,"East Rutherford, New Jersey, U.S.","12,500",[447]
035,UFC 31: Locked and Loaded,https://en.wikipedia.org/wiki/UFC_31,"May 4, 2001",Trump Taj Mahal,"Atlantic City, New Jersey, U.S.",N/A,
034,UFC 30: Battle on the Boardwalk,https://en.wikipedia.org/wiki/UFC_30,"Feb 23, 2001",Trump Taj Mahal,"Atlantic City, New Jersey, U.S.","3,000",[448]
033,UFC 29: Defense of the Belts,https://en.wikipedia.org/wiki/UFC_29,"Dec 16, 2000",Differ Ariake Arena,"Tokyo, Japan","1,414",[449]
032,UFC 28: High Stakes,https://en.wikipedia.org/wiki/UFC_28,"Nov 17, 2000",Trump Taj Mahal,"Atlantic City, New Jersey, U.S.",N/A,
031,UFC 27: Ultimate Bad Boyz,https://en.wikipedia.org/wiki/UFC_27,"Sep 22, 2000",Lakefront Arena,"New Orleans, Louisiana, U.S.",N/A,
030,UFC 26: Ultimate Field of Dreams,https://en.wikipedia.org/wiki/UFC_26,"Jun 9, 2000",Five Seasons Events Center,"Cedar Rapids, Iowa, U.S.","1,100",[450]
029,UFC 25: Ultimate Japan 3,https://en.wikipedia.org/wiki/UFC_25,"Apr 14, 2000",Yoyogi National Gymnasium,"Tokyo, Japan",N/A,
028,UFC 24: First Defense,https://en.wikipedia.org/wiki/UFC_24,"Mar 10, 2000",Lake Charles Civic Center,"Lake Charles, Louisiana, U.S.",N/A,
027,UFC 23: Ultimate Japan 2,https://en.wikipedia.org/wiki/UFC_23,"Nov 19, 1999",Tokyo Bay NK Hall,"Chiba, Japan",N/A,
026,UFC 22: Only One Can be Champion,https://en.wikipedia.org/wiki/UFC_22,"Sep 24, 1999",Lake Charles Civic Center,"Lake Charles, Louisiana, U.S.",N/A,
025,UFC 21: Return of the Champions,https://en.wikipedia.org/wiki/UFC_21,"Jul 16, 1999",Five Seasons Events Center,"Cedar Rapids, Iowa, U.S.",N/A,
024,UFC 20: Battle for the Gold,https://en.wikipedia.org/wiki/UFC_20,"May 7, 1999",Boutwell Memorial Auditorium,"Birmingham, Alabama, U.S.",N/A,
023,UFC 19: Ultimate Young Guns,https://en.wikipedia.org/wiki/UFC_19,"Mar 5, 1999",Casino Magic Bay St. Louis,"Bay St. Louis, Mississippi, U.S.",N/A,
022,UFC 18: The Road to the Heavyweight Title,https://en.wikipedia.org/wiki/UFC_18,"Jan 8, 1999",Pontchartrain Center,"New Orleans, Louisiana, U.S.",N/A,
021,UFC Brazil: Ultimate Brazil,https://en.wikipedia.org/wiki/UFC_Brazil,"Oct 16, 1998",Ginásio da Portuguesa,"São Paulo, Brazil",N/A,
020,UFC 17: Redemption,https://en.wikipedia.org/wiki/UFC_17,"May 15, 1998",Mobile Civic Center,"Mobile, Alabama, U.S.",N/A,
019,UFC 16: Battle in the Bayou,https://en.wikipedia.org/wiki/UFC_16,"Mar 13, 1998",Pontchartrain Center,"New Orleans, Louisiana, U.S.","4,600",[451]
018,UFC Japan: Ultimate Japan,https://en.wikipedia.org/wiki/UFC_Japan:_Ultimate_Japan,"Dec 21, 1997",Yokohama Arena,"Yokohama, Japan","5,000",[452]
017,UFC 15: Collision Course,https://en.wikipedia.org/wiki/UFC_15,"Oct 17, 1997",Casino Magic Bay St. Louis,"Bay St. Louis, Mississippi, U.S.",N/A,
016,UFC 14: Showdown,https://en.wikipedia.org/wiki/UFC_14,"Jul 27, 1997",Boutwell Memorial Auditorium,"Birmingham, Alabama, U.S.","5,000",[453]
015,UFC 13: The Ultimate Force,https://en.wikipedia.org/wiki/UFC_13,"May 30, 1997",Augusta Civic Center,"Augusta, Georgia, U.S.","5,100",[454]
014,UFC 12: Judgement Day,https://en.wikipedia.org/wiki/UFC_12,"Feb 7, 1997",Dothan Civic Center,"Dothan, Alabama, U.S.","3,100",[455]
013,UFC: The Ultimate Ultimate 2,https://en.wikipedia.org/wiki/Ultimate_Ultimate_1996,"Dec 7, 1996",Fair Park Arena,"Birmingham, Alabama, U.S.","6,000",[456]
012,UFC 11: The Proving Ground,https://en.wikipedia.org/wiki/UFC_11,"Sep 20, 1996",Augusta Civic Center,"Augusta, Georgia, U.S.","4,500",[457]
011,UFC 10: The Tournament,https://en.wikipedia.org/wiki/UFC_10,"Jul 12, 1996",Fair Park Arena,"Birmingham, Alabama, U.S.","4,300",[458]
010,UFC 9: Motor City Madness,https://en.wikipedia.org/wiki/UFC_9,"May 17, 1996",Cobo Arena,"Detroit, Michigan, U.S.","10,000",[459]
009,UFC 8: David vs. Goliath,https://en.wikipedia.org/wiki/UFC_8,"Feb 16, 1996",Coliseo Rubén Rodríguez,"Bayamón, Puerto Rico","13,000",[460]
008,UFC: The Ultimate Ultimate,https://en.wikipedia.org/wiki/Ultimate_Ultimate_1995,"Dec 16, 1995",Mammoth Gardens,"Denver, Colorado, U.S.","2,800",[461]
007,UFC 7: The Brawl in Buffalo,https://en.wikipedia.org/wiki/UFC_7,"Sep 8, 1995",Buffalo Memorial Auditorium,"Buffalo, New York, U.S.","9,000",[462]
006,UFC 6: Clash of the Titans,https://en.wikipedia.org/wiki/UFC_6,"Jul 14, 1995",Casper Events Center,"Casper, Wyoming, U.S.","2,700",[463]
005,UFC 5: The Return of the Beast,https://en.wikipedia.org/wiki/UFC_5,"Apr 7, 1995",Independence Arena,"Charlotte, North Carolina, U.S.","6,000",[464]
004,UFC 4: Revenge of the Warriors,https://en.wikipedia.org/wiki/UFC_4,"Dec 16, 1994",Expo Square Pavilion,"Tulsa, Oklahoma, U.S.","5,857",[465]
003,UFC 3: The American Dream,https://en.wikipedia.org/wiki/UFC_3,"Sep 9, 1994",Grady Cole Center,"Charlotte, North Carolina, U.S.",N/A,
002,UFC 2: No Way Out,https://en.wikipedia.org/wiki/UFC_2,"Mar 11, 1994",Mammoth Gardens,"Denver, Colorado, U.S.","2,000",[466]
001,UFC 1: The Beginning,https://en.wikipedia.org/wiki/UFC_1,"Nov 12, 1993",McNichols Sports Arena,"Denver, Colorado, U.S.","7,800",[467]
